id,title,body,department,sentiment,target,strategy
2a25a888-0f02-4ad0-a706-7ef466aa9385,Recensione hotel,Non aspettatevi servizio in camera invitante. Pessimo.,F&B,negative,0,negation
e14eb70d-b380-473a-989d-9d4ae15ca666,Personale gentilissimo,Nessuno incompetente alla reception. Complimenti!,Reception,positive,1,negation
c2b6d2c5-fa5d-4100-91b7-e948d0e6e660,Servizio impeccabile,Abbiamo scelto questo hotel per la posizione. L'ingresso era attento. Potrebbe migliorare.,Reception,positive,1,detailed
431d029f-ac1e-46d8-bfbf-397bac3e7b0d,Vacanza a metà,Sulla carta il cappuccino doveva essere completo. Invece lascia a desiderare.,F&B,negative,0,ambiguous
12a4def0-c4bb-47a9-9988-68dd9c7c7377,Weekend al mare,Scordatevi servizio in camera sfizioso. Deludente.,F&B,negative,0,negation
980402a2-b07a-4066-b354-35ea68949b8d,Team straordinario,Ho trovato il portiere attento e ben curato. Colazione continentale standard.,Reception,positive,1,simple
7e7e7419-a0c1-4035-85d9-5f51f387e1bd,Manutenzione assente,"Il cappuccino era equilibrato, ma lo specchio rovinato ha rovinato tutto. Check-in nella norma.",Housekeeping,negative,0,mixed
b7c93acf-e059-40ee-9132-b63ef16287e4,Ci sono stato,"Il ristorante era sapido, ma la portineria brusca ha rovinato tutto.",Reception,negative,0,mixed
1d7c0098-4a1d-4b32-aaed-fdc7a3e05309,Pulizia inesistente,"Lo staff faceva il suo lavoro. Soggiorno di 6 notti. Camera sciatta, personale presuntuoso, colazione scotta. Mai più!",Housekeeping,negative,0,multi_aspect
b3f6fe0d-4860-4b32-b4fb-0eb949c13de7,Ci sono stato,Niente pulizia fatiscente come temevo. Ottima! La colazione era quella classica da hotel.,Housekeeping,positive,1,negation
5ffa46ef-14e4-480c-be99-36a362dbc850,Ci sono stato,Camera nella media per la categoria. Trasferta di lavoro. Stanza opprimente. Staff negligente. Cena insapore. Disastro.,Reception,negative,0,multi_aspect
b0cc1b3b-9793-49b4-9374-814632c5bd89,Vacanza a metà,"Bello: doccia ordinata, ma la hall assente è inaccettabile.",Reception,negative,0,mixed
42999aa4-0cdf-442b-ae85-cb217631de9d,Personale sgarbato,"Il bagno funzionava, niente di più. Ristorante curato, peccato per la prenotazione nervosa.",Reception,negative,0,mixed
d50755d9-a5d0-4d53-9e12-42e3f27292b6,Reception disorganizzata,"Il personale delle pulizie era nella norma. Vacanza romantica. Tutto pessimo: camera orrenda, reception antipatico, ristorante dura.",Reception,negative,0,multi_aspect
b4d7e28e-271e-4ee2-b1a6-b1f1620e99d3,Seconda visita,"Il caffè era decente. Prenotato 27 giorni prima. Tutto pessimo: camera minuscola, reception maleducato, ristorante dura.",Housekeeping,negative,0,multi_aspect
71348c2a-780b-4657-917b-355b70944bdb,La mia esperienza,Il caffè era sfizioso.,F&B,positive,1,simple
292bd156-db94-4570-9ac7-0ec0ab8ddeb4,Camera fantastica,"Prima volta in questa struttura. Camera silenziosa, personale straordinario, colzaione gustosa. Torneremo!",Housekeeping,positive,1,multi_aspect
dea4ae17-54fd-4ad3-9716-108ef72169bb,Pulizia scarsa,Ho prenotato tramite Booking. Purtroppo la pulizia era umida. Vedremo la prossima volta.,Housekeeping,negative,0,detailed
6b44fa8d-d5f2-4073-b414-02b1e4429ebb,Niente di speciale,Hotel consigliato da amici. Il cibo superava le aspettative: caldo! Nel complesso ok.,F&B,positive,1,detailed
f29a6339-577b-455a-b6d5-5494f37fd50d,Hotel in centro,"Abbiamo soggiornato per il weekend. Camera silenziosa, personale puntuale, colazione squisita. Torneremo!",Reception,positive,1,multi_aspect
f6478986-a391-4c99-8c95-5f6a966b1964,Attesa infinita,"La stanza era quella che ci si aspetta. Accoglienza mediocre. Un peccato, rovinava l'esperienza.",Reception,negative,0,ambiguous
989240ac-e689-43a9-89e4-8e8c25c61c45,Ambiente trascurato,"Accoglienza standard. Ho prenotato tramite Booking. Camera angusta, personale scostante, colazione mediocre. Mai più!",Housekeeping,negative,0,multi_aspect
39681c81-7b70-43b8-a81f-dec3279c658a,Recensione hotel,Aria condizionata funzionante. Il room service superava le aspettative: sfizioso!,F&B,positive,1,simple
98c7472a-864e-4a13-829c-fc0cfa02eaec,Reception assente,"Bello: lavandino accogliente, ma lo staff freddo è inaccettabile. La colazione era quella classica da hotel.",Reception,negative,0,mixed
260a5962-dd81-47f5-bd59-11c6a8f1e091,Soggiorno dicembre,Nessuno presuntuoso alla reception. Complimenti!,Reception,positive,1,negation
750565f5-9f70-4368-8b3c-f8caa3925731,Pro e contro,"Bello: ordine splendido, ma il ristorante nauseante è inaccettabile.",F&B,negative,0,mixed
a2bc372f-7412-4293-8729-4739614ff3d7,Servizio impeccabile,"Lenzuola cambiate regolarmente. Non sapevo cosa aspettarmi. Check-in paziente, niente da dire. Rapporto qualità-prezzo discreto.",Reception,positive,1,detailed
8bcf53a1-bc10-4a52-bf5d-2fdf89c8d2ab,Ambiente trascurato,"Il servizio in camera non era certo genuino. Delusione totale. Il bagno funzionava, niente di più.",F&B,negative,0,negation
f9e8a369-2999-4735-9d56-cc943c9ad14c,Qualche giorno qui,"L'arredamento era accettabile. Non perfetto, ma ci siamo trovati bene.",Housekeeping,positive,1,ambiguous
e506f670-7092-447d-be49-69ec6667d3bb,Hotel nella media,Abbiamo scelto questo hotel per la posizione. Ho trovato l'armadio solare e ben curato. Forse ci torniamo.,Housekeeping,positive,1,detailed
1b19d8b8-d830-4081-afcc-57dd168fae12,Hotel nella media,"Avevo paura fosse industriale, ma il servizio in camera era perfetto.",F&B,positive,1,negation
59fefbbc-71a3-4ad2-b094-6d2a2aa93b43,Camera impeccabile,Il minibar era perfetto.,Housekeeping,positive,1,simple
12e89d10-2871-4733-8bed-db12ad77e82f,Piatti orribili,Non aspettatevi cappuccino sostanzioso. Pessimo.,F&B,negative,0,negation
d21c82f8-cada-4f80-a9e7-82d4fd08b32c,Gastronomia pessima,Il servizio in camera non era certo fantastico. Delusione totale.,F&B,negative,0,negation
524f93ff-3030-4633-a6de-d1d8925817b7,Soggiorno dicembre,"Ho prenotato tramite Booking. Tutto pessimo: camera orrenda, reception approssimativo, ristorante gommosa. Check-in nella norma.",F&B,negative,0,multi_aspect
f91e1d4c-1ff4-4b78-8946-3e85759cde66,Team straordinario,"Soggiorno di 6 notti. Camera incantevole, personale cortese, colazione profumata. Torneremo!",Reception,positive,1,multi_aspect
a0d572c8-a837-4e68-bba2-05ca3dba6da8,Ristorante deludente,Lo staff faceva il suo lavoro. Soggiorno di 2 notti. Purtroppo la doccia era cupa. Non lo consiglio.,Housekeeping,negative,0,detailed
f836f571-3cce-476c-b836-c448ad261ec5,Luci e ombre,"Specchio un po' datato, però il bar ricercato. Promossi!",F&B,positive,1,mixed
0b36e356-339b-47a8-8b1f-0d7b0977c513,Prima volta qui,Il receptionist non era certo preparato. Maleducato.,Reception,negative,0,negation
722764e6-8c41-461b-a827-a1b9d4a02e53,Pranzo da dimenticare,Personale presente ma niente di memorabile. Trasferta di lavoro. Stanza fredda. Staff altezzoso. Cena bruciata. Disastro.,F&B,negative,0,multi_aspect
03c72ba8-d605-4770-8a63-f881ffd0f9d5,Colazione misera,La colazione era pesante.,F&B,negative,0,simple
122c9a56-01d7-4256-b860-2ab696a402f2,Team straordinario,Il check-out superava le aspettative: veloce!,Reception,positive,1,simple
3b4206c5-085b-45fb-8a8f-f810784c2f29,Team impreparato,Purtroppo l'ordine era vecchio.,Housekeeping,negative,0,simple
c9535b63-ba81-4dd9-987e-f3446f3f920c,Soggiorno breve,"Ero qui per lavoro con Cassandra. Tutto perfetto: camera profumata, reception discreto, ristorante biologica.",F&B,positive,1,multi_aspect
134c6c92-ec5b-427c-9fde-4fbf3ff350bf,Personale fantastico,"Hall discreta, niente da dire. Mai più.",Reception,positive,1,detailed
66132e69-7418-4109-93d1-bf0f56c438e4,Nota dolente,"Ok la scrivania poteva sembrare deprimente a primo impatto, ma poi discreto.",Housekeeping,positive,1,ambiguous
4ac9778d-8da8-4ee4-8df5-6ac6f96b648a,Hotel in centro,Nessun problema al check-out. Abbiamo soggiornato per il weekend. Il servizio in camera superava le aspettative: sfizioso! Potrebbe migliorare.,F&B,positive,1,detailed
1ca35cfb-04fc-4d82-bd15-438552fbe43b,Personale gentilissimo,"Buffet nella norma. Accoglienza nella media alta. Niente effetto wow, ma professionali.",Reception,positive,1,ambiguous
295b4715-c333-4861-9fb8-d16c2720797d,Consigli utili,Aria condizionata funzionante. Reception insufficiente. Mi aspettavo di più per il prezzo pagato.,Reception,negative,0,ambiguous
edd877c8-9be7-4737-86b8-92318e867f3c,Poteva andare meglio,"Il cibo? Mediocre. Peccato, dalle recensioni sembrava megilo.",F&B,negative,0,ambiguous
d56ce8ea-1959-4b5a-a7a8-f6366a35df59,Personale fantastico,"Il cappuccino era deludente, ma la portineria gentile ha salvato tutto. Il personale delle pulizie era nella norma.",Reception,positive,1,mixed
3e493f43-b118-468d-a786-d50638ba8abc,Reception efficiente,"Il bagno funzionava, niente di più. Temevo receptionist irritante, invece super disponibili.",Reception,positive,1,negation
4447ceab-84ef-4324-8c1b-4157ec9f9c54,Qualità eccellente,Il menu superava le aspettative: superbo! Il personale delle pulizie era nella norma.,F&B,positive,1,simple
e1805081-5958-4499-aeea-163e21e8ac68,Cordialità unica,"Reception abbastanza buono. Poteva andare peggio, anzi no, è andata bene.",Reception,positive,1,ambiguous
ffb8102d-9475-4bc9-9641-8cedd664d264,Soggiorno breve,"Camera nella media per la categoria. Il cornetto? Non all'altezza. Peccato, dalle recensioni sembrava meglio.",F&B,negative,0,ambiguous
43bfd931-3605-4f54-a021-c0ca3531968d,Camera da incubo,Il minibar aveva i soliti prodotti. Sulla carta l'igiene doveva essere splendida. Invece sotto la media.,Housekeeping,negative,0,ambiguous
4797b2c9-5720-4246-8223-623bcc3ebdde,Piatti orribili,Di prelibato il bar non aveva nulla. Alla reception tutto regolare.,F&B,negative,0,negation
01a9e71f-de8a-474b-8f36-d58b47378190,Qualità assente,Il minibar non era certo moderno. Delusione totale.,Housekeeping,negative,0,negation
4dcabfb7-001a-4a8b-956f-03508c459ce2,Hotel in centro,"Il caffè era decente. Hotel consigliato da amici. Materasso rovinato, pessima esperienza. Voto: 3/10.",Housekeeping,negative,0,detailed
4c6e27ff-b9de-4a3a-8868-22b900a81de9,Cibo delizioso,"Niente da segnalare sulla manutenzione. Sinceramente il cibo era abbastanza buono, meglio del previsto.",F&B,positive,1,ambiguous
da003f16-b946-4bcf-8082-cbb948bddb3e,Opinione sincera,Scordatevi camera lussuosa. Deludente. Abbiamo mangiato qualcosa al ristorante.,Housekeeping,negative,0,negation
400035f0-df7d-4dd7-a36e-16089acb394a,Camera orribile,Scordatevi ordine solare. Deludente.,Housekeeping,negative,0,negation
54669d19-10df-4974-95ab-946da5b5cdc2,Recensione hotel,"Bello: assistenza simpatica, ma il bar freddo è inaccettabile.",F&B,negative,0,mixed
96ef2ad6-b97e-4703-86c8-adfe7bf47042,Weekend al mare,"Prenotato 25 giorni prima. Concierge disponibile, niente da dire. Pagato 200€ a notte. Il personale delle pulizie era nella norma.",Reception,positive,1,detailed
a3b5cece-a446-4e72-b64c-911aa9ab364a,La mia esperienza,"Ho prenotato tramite Booking. Camera solare, personale rapido, colazione completa. Torneremo!",Reception,positive,1,multi_aspect
3dc98290-15ea-4b27-b0e9-12f2f2b43abf,Ci sono stato,Aria condizionata funzionante. Hotel consigliato da amici. Deluso: la cena immangiabile. Forse ci torniamo.,F&B,negative,0,detailed
8a476a87-e49d-481d-91d8-7c6455fa1ab8,Giudizio personale,"Ok la colazione poteva sembrare nauseante a primo impatto, ma poi sopra la media.",F&B,positive,1,ambiguous
aa0b7b14-f2e9-402d-91e9-cdaa6e6981a3,Accoglienza gelida,"Ero qui per lavoro con Mirco. Camera minuscola, personale pigro, colazione unta. Mai più!",Housekeeping,negative,0,multi_aspect
4458a885-ab90-49a4-b5a2-40ae5af30553,Qualità eccellente,"Ok il receptionist era arrogante, ma il ristorante perfetto compensa. Il concierge ci ha dato qualche indicazione.",F&B,positive,1,mixed
34885a46-9088-4eaf-8977-6598203c8c25,Struttura recente,"Sinceramente il cornetto era abbastanza buono, meglio del previsto. Check-in nella norma.",F&B,positive,1,ambiguous
3f07f814-91d6-4f78-a3e9-de99f10c718b,Gastronomia top,"Il buffet? Più che sufficiente. Niente di eccezionale, ma funzionale.",F&B,positive,1,ambiguous
e9ff1cae-41c8-4a8c-aa1f-955ad499da99,Attesa infinita,Viaggio in famiglia. Stanza scomoda. Staff sciatto. Cena gommosa. Disastro.,F&B,negative,0,multi_aspect
ece66fa2-fd51-46e6-851b-4cf36123fdf7,Esperienza altalenante,"Il servizio in camera? Nella media alta. Niente di eccezionale, ma funzionale. Lenzuola cambiate regolarmente.",F&B,positive,1,ambiguous
a52964ff-c74c-4890-bc6a-3174113634a5,Colazione abbondante,"Il bagno funzionava, niente di più. Nonostante l'accoglienza lenta, la terrazza abbondante ha fatto la differenza.",F&B,positive,1,mixed
2321d1e1-c471-44c0-b613-6e15f200c261,Soggiorno ok,"Dopo un viaggio da Iolo, Tutto pessimo: camera fredda, reception impreparato, ristorante nauseante. Abbiamo mangiato qualcosa al ristorante.",Housekeeping,negative,0,multi_aspect
af2b99b4-d9ac-4158-8d34-85c5c5c14eb4,Reception disponibile,La stanza era quella che ci si aspetta. Non sapevo cosa aspettarmi. Piacevolmente sorpreso: l'ingresso molto discreto. Forse ci torniamo.,Reception,positive,1,detailed
d1846c39-c476-4556-b97b-e2dd8f9b72ae,Pranzo da dimenticare,Sulla carta il caffè doveva essere goloso. Invece potrebbe fare di meglio.,F&B,negative,0,ambiguous
43b38eb4-0390-4c5d-a502-d6a2ca6a2224,Accoglienza gelida,"Il personale delle pulizie era nella norma. Ero qui per lavoro con Carlo. Tutto pessimo: camera scomoda, reception pessimo, ristorante acida.",F&B,negative,0,multi_aspect
a6f2f7b8-0cf3-4b58-9910-8be58ce21ea3,Colazione ottima,"Il servizio in camera era abbastanza buono. Non perfetto, ma ci siamo trovati bene.",F&B,positive,1,ambiguous
295d6fbf-430f-401d-bad4-09e2a319dcb4,Piatti deliziosi,"Il servizio in camera era abbastanza buono. Non perfetto, ma ci siamo trovati bene. Aria condizionata funzionante.",F&B,positive,1,ambiguous
b65feea9-7d82-4264-9ba3-62e7afa415e5,Menu squisito,Piacevolmente sorpreso: la colazione molto magnifica. Mai più.,F&B,positive,1,detailed
cf8d446a-bc2c-4b0d-9d33-4cc7ab7f089a,Ristorante deludente,"Abbiamo soggiornato per il weekend. Bar amaro, pessima esperienza. Lo consiglio. Niente da segnalare sulla manutenzione.",F&B,negative,0,detailed
6f92f25e-45df-46b6-b82c-043f7cfc9b79,Weekend al mare,La colazione era quella classica da hotel. Scordatevi stanza ariosa. Deludente.,Housekeeping,negative,0,negation
a377f6f1-d289-40ab-a18a-e30595a5bafa,Servizio impeccabile,"Lo staff era più che sufficiente, devo ammettere che mi aspettavo peggio.",Reception,positive,1,ambiguous
21bddb41-0699-4731-9dcf-8766a93b12cd,Team impreparato,"Lo staff non proprio il massimo, purtroppo non all'altezza delle aspettative.",Reception,negative,0,ambiguous
f6b751f7-9b74-4245-9b1b-c8952af43ab7,Staff scortese,Lenzuola cambiate regolarmente. Ho trovato la hall presuntuosa. Inaccettabile. Comunque torneremo.,Reception,negative,0,detailed
1a435206-ef2d-4cc4-8df6-61da5f07c1a5,Camera fantastica,Prima volta in questa struttura. Devo dire che l'armadio era romantico. Forse ci torniamo. Abbiamo mangiato qualcosa al ristorante.,Housekeeping,positive,1,detailed
7fc15858-2fa0-4842-bc55-300b06a241af,Hotel nella media,Il minibar aveva i soliti prodotti. Soggiorno di 6 notti. Ho trovato la portineria impeccabile e ben curata. Nel complesso ok.,Reception,positive,1,detailed
757750a9-a491-40b2-aa1f-ca65e27a984d,Ottima manutenzione,Il minibar aveva i soliti prodotti. Prenotato 22 giorni prima. Stanza intima. Staff energico. Cena ricca. Top!,Housekeeping,positive,1,multi_aspect
11536e99-5c50-4720-b982-f4e08603156a,Cucina eccellente,"Sinceramente la colazione era discreto, meglio del previsto.",F&B,positive,1,ambiguous
e6b3c944-cb32-4e35-b922-bac282dc4c8e,Piatti deliziosi,Niente pranzo insipido come temevo. Ottimo!,F&B,positive,1,negation
4970ed9a-09ce-4cfb-a339-ba1925637cc3,Esperienza altalenante,Il personale delle pulizie era nella norma. Sulla carta il bar doveva essere raffinato. Invece non all'altezza.,F&B,negative,0,ambiguous
ba6c34ab-6712-403a-8f84-4fef1931e9ee,Servizio impeccabile,"Il personale era sopra la media. Non eccezionale, ma disponibile.",Reception,positive,1,ambiguous
6160a6b4-9360-415f-83fe-0183e172b725,Pranzo memorabile,"Prima volta in questa struttura. Tutto perfetto: camera comoda, reception pronto, ristorante pregiata. Lenzuola cambiate regolarmente.",F&B,positive,1,multi_aspect
1f115b76-d92c-4227-aadf-50853fcb7546,Colazione abbondante,"Ok la doccia era rovinata, ma il concierge empatico compensa. Abbiamo mangiato qualcosa al ristorante.",Reception,positive,1,mixed
44777442-b187-43e6-9457-8ad9a867a096,Buffet ricchissimo,"Avevo paura fosse scadente, ma il cornetto era perfetto.",F&B,positive,1,negation
80fb9296-73b6-409b-9bea-f6ac97fa7f04,Pro e contro," Camera ordinata, personale cortese, colazione irresistibile. Torneremo!",Reception,positive,1,multi_aspect
8e676a01-d86a-4460-99a1-120e1bb43332,Staff incompetente,"Lenzuola cambiate regolarmente. Staff antipatico, Rossana in particolare.",Reception,negative,0,simple
f75d599f-6b2d-4b09-8707-9ad480be7e35,Luci e ombre,"Specchio romantico, peccato per l'accoglienza orribile.",Reception,negative,0,mixed
ca97ebf5-55d5-46af-a663-d2cdb6f6dbf1,Hotel centrale,Ho trovato la reception pronta e ben curata. Voto: 8/10. Colazione continentale standard.,Reception,positive,1,detailed
26a524e3-50ee-4a92-a091-51e0f891b0c3,Gastronomia pessima,Prima volta in questa struttura. Stanza polverosa. Staff scostante. Cena cruda. Disastro.,F&B,negative,0,multi_aspect
5f987c71-a65e-488e-abf3-ad39fec21bbe,Qualche giorno qui,Lo staff faceva il suo lavoro. Vacanza romantica. Il ristorante era duro.,F&B,negative,0,detailed
61484bb3-889b-48d5-9bfd-d97eaca2b148,Qualche giorno qui,Prima volta in questa struttura. Stanza accogliente. Staff competente. Cena sapida. Top!,F&B,positive,1,multi_aspect
6703b636-5380-4904-a88c-7015aab97e49,Soggiorno ok,Scordatevi accoglienza educata. Disastro.,Reception,negative,0,negation
269ed4c9-8059-4b93-b9c2-d2e49ae1a991,Ambiente curatissimo,Niente scrivania sporca come temevo. Ottima! Personale presente ma niente di memorabile.,Housekeeping,positive,1,negation
5c9d927d-84b8-41bb-b005-68d20de051a6,Ristorante deludente,"Camera nella media per la categoria. Il pavmiento anche luminoso, però il cappuccino salato. Mai più.",F&B,negative,0,mixed
585a0afa-7bfd-4c12-89e0-6ab37250ee18,Luci e ombre,"La colazione era quella classica da hotel. Il buffet anche squisito, però l'igiene buia. Mai più.",Housekeeping,negative,0,mixed
bfbbb17f-9854-4e4e-8ebf-a5c3cae9b4a7,Camera da sogno,"Dopo un viaggio da Cesi Di Terni, Tutto perfetto: camera calda, reception veloce, ristorante buonissima.",Housekeeping,positive,1,multi_aspect
e9a1fa6f-81f7-4d1c-adbc-2134c30ff46e,Hotel in centro,"Viaggio in famiglia. Tutto pessimo: camera disastrosa, reception scostante, ristorante cruda.",Housekeeping,negative,0,multi_aspect
6e191042-370b-4063-9d90-e79eb888f6ed,Hotel discreto,"Receptionist un po' presuntuoso, però il buffet fresco. Promossi! Niente da segnalare sulla mantuenzione.",F&B,positive,1,mixed
7656af72-29d4-4eef-beab-edcbbaa80dd4,Alti e bassi,Di gentilissimo lo staff non aveva niente. Il caffè era decente.,Reception,negative,0,negation
1327f1bc-2784-478f-b84f-16b3a79fbfaf,Opinione sincera,"Lo staff era accettabile, devo ammettere che mi aspettavo peggio. Abbiamo mangiato qualcosa al ristorante.",Reception,positive,1,ambiguous
19e45c6a-c9c2-4e69-982c-75654bb907ec,Cucina eccellente,"Lenzuola cambiate regolarmente. Prima volta in questa struttura. Tutto perfetto: camera ordinata, reception sorridente, ristorante gustosa.",F&B,positive,1,multi_aspect
8e200724-7d13-4018-a80b-ac63b856d035,Trasferta di lavoro,Il personale non era per niente irritante. Molto professionali. Abbiamo mangiato qualcosa al ristorante.,Reception,positive,1,negation
1ee34dc4-3b04-4a8b-805b-fdc94e7ed827,Accoglienza gelida,"Ero qui per lavoro con Greco. Tutto pessimo: camera minuscola, reception brusco, ristorante insipida.",Reception,negative,0,multi_aspect
9a4a99b2-e806-433c-b6e3-9356a8149562,Nota dolente,"Personale presente ma niente di memorabile. La manutenzione era piccola, ma la terrazza fresca ha salvato tutto.",F&B,positive,1,mixed
3ceddf2d-839f-4c50-9223-b5135496f63c,Pranzo memorabile,"Abbiamo scelto questo hotel per la posizione. Tutto perfetto: camera calda, reception ospitale, ristorante perfetta.",Reception,positive,1,multi_aspect
fbf6e16f-9b30-40d5-afb7-8271504d281f,Camera da evitare,"Il minibar aveva i soliti prodotti. L'ingresso anche eccellente, però l'armadio fatiscente. Mai più.",Housekeeping,negative,0,mixed
56b60afc-ded2-45d0-bf1e-83664b8e63d4,Ambiente perfetto,"Prima volta in questa struttura. Camera elegante, personale meticoloso, colazione sana. Torneremo! La colazione era quella classica da hotel.",Housekeeping,positive,1,multi_aspect
ef7ddc76-b92d-422b-a1df-306f8a0b3c33,La mia esperienza,"Abbiamo soggiornato per il weekend. Camera rumorosa, personale disorganizzato, colazione povera. Mai più!",F&B,negative,0,multi_aspect
5d286aa4-28a3-4779-9c1c-351785d2d0a6,Servizio eccellente,"Temevo receptionist negilgente, invece super disponibili.",Reception,positive,1,negation
afffcfd2-341e-440b-97c7-00aab7b56ea7,Accoglienza calorosa,"Ok l'assistenza era orribile, ma la stanza sofistiacta compensa.",Housekeeping,positive,1,mixed
5aaab32f-ce63-42b6-ab05-347fd556b37d,Seconda visita,Soggiorno di 3 notti. Stanza caotica. Staff svogliato. Cena pessima. Disastro.,Reception,negative,0,multi_aspect
b64fa54a-8c61-4654-95da-75c1a21150f9,Colazione abbondante,"Ho prenotato tramite Booking. Tutto perfetto: camera perfetta, reception preparato, ristorante croccante.",F&B,positive,1,multi_aspect
530ac1c7-b8ba-4368-8fc7-77685ebbcca5,Qualche giorno qui,"Non sapevo cosa aspettarmi. Camera favolosa, personale ottimo, colazione appetitosa. Torneremo! Il concierge ci ha dato qualche indicazione.",F&B,positive,1,multi_aspect
fff9f585-0d55-4b61-8a17-5dfebfc00dc8,Gastronomia top,"Accoglienza discreto. Niente effetto wow, ma professionali.",Reception,positive,1,ambiguous
75b17a55-d426-4982-a43e-4288a2b5b498,Giudizio personale,"Il personale delle pulizie era nella norma. Camera un po' fatiscente, però la sala colazione buonissima. Promossi!",F&B,positive,1,mixed
dfa4bb9f-5a85-4750-a92a-c1391f4a8ca1,Reception assente,"Prima volta in questa struttura. Tutto pessimo: camera datata, reception arrogante, ristorante salata.",Reception,negative,0,multi_aspect
cbd00ef2-530a-47df-8bc6-10660769165f,Gastronomia top,"Il buffet? Nella media alta. Niente di eccezionale, ma funzionale.",F&B,positive,1,ambiguous
24c173b9-b7f2-4572-bdef-a84993364f7e,Menu scadente,"Bello: check-in puntuale, ma il cornetto molle è inaccettabile.",F&B,negative,0,mixed
a487eeab-accb-461a-9d13-23639f294a8b,Struttura recente,"Il personale era più che sufficiente. Non eccezionale, ma disponibile.",Reception,positive,1,ambiguous
458f1f19-3c07-4574-8925-7af1b6aae05b,Team impreparato,"Il servizio in camera anche fresco, però l'ingresso nervoso. Mai più.",Reception,negative,0,mixed
2702878b-9f0f-4a8d-8537-9ff6d6d7b3b8,Trasferta di lavoro,"Abbiamo scelto questo hotel per la posizione. Camera gelida, personale aggressivo, colazione insufficiente. Mai più!",F&B,negative,0,multi_aspect
0f9240e1-07f9-4d05-b6ca-6b8ba4b1f991,Manutenzione assente,"Accoglienza standard. Prima volta in questa struttura. Tutto pessimo: camera consumata, reception pigro, ristorante rancida.",Housekeeping,negative,0,multi_aspect
9c07a751-1437-4509-acd1-586a2b840c67,Servizio inesistente,Deluso: la prenotazione negligente.,Reception,negative,0,simple
1f15c7b6-7c16-428d-b2c0-8394e17f29e1,Qualche giorno qui,Il check-in era sorridente. Il minibar aveva i soliti prodotti.,Reception,positive,1,simple
96da1dac-72ff-4d2a-b86e-cbe06b65a6a4,Ristorante top,"Pranzo un po' indigesto, però la scrivania pulitissima. Promossi!",Housekeeping,positive,1,mixed
48ca7651-92f5-4f7b-8323-d342df6a8f93,Weekend al mare,"Avevo paura fosse indecente, ma l'ordine era perfetto.",Housekeeping,positive,1,negation
b4a69f3c-8d3a-4d99-b11c-21c9bdc14f1f,Ci sono stato,Sulla carta il cornetto doveva essere perfetto. Invece sotto la media. Accoglienza standard.,F&B,negative,0,ambiguous
3d67cde9-2834-44c0-94c8-b3b4a911d192,Recensione hotel,"Lo specchio era scomodo, ma la portineria sorridente ha salvato tutto.",Reception,positive,1,mixed
c991603f-28c1-4091-844d-610b3f87e362,Poteva andare meglio,"Il servizio in camera? Più che sufficiente. Niente di eccezionale, ma funzionale.",F&B,positive,1,ambiguous
5cb85aed-f5f6-4c97-aefb-63b11b049863,Staff scortese,"Buffet goloso, peccato per il check-out sgradevole.",Reception,negative,0,mixed
25e97977-8d72-48e2-951f-58d05e84f058,Seconda visita,"Siamo arrivati di sabato verso le 17. Frutta squisita, niente da dire. Esperienza da ripetere.",F&B,positive,1,detailed
35ebd32d-9ad6-40ab-8821-2ddb45b89cd9,Menu scadente,"Il minibar era raffinato, ma il pranzo monotono ha rovinato tutto.",F&B,negative,0,mixed
67814c1f-cc53-4e36-addc-3e13ab3b4d37,Colazione ottima,"Soggiorno di 2 notti. Ristorante profumato, niente da dire. Nel complesso ok.",F&B,positive,1,detailed
610faa3f-f0bb-4c67-aa38-d0a16ba25efe,Personale sgarbato,"Il caffè anche divino, però la reception disorganizzata. Mai più. La stanza era quella che ci si aspetta.",Reception,negative,0,mixed
723ef466-b43b-427f-82a2-59a6c6641285,Servizio pessimo,Vacanza romantica. Purtroppo la doccia era trasandata. Forse ci torniamo.,Housekeeping,negative,0,detailed
505cc686-9f87-4ce7-9487-fd4febb7a385,Cibo delizioso,"Nonostante la doccia squallida, il cappuccino delizioso ha fatto la differenza. Alla reception tutto regolare.",F&B,positive,1,mixed
3875394c-e5d6-46e6-9a6e-c2f5ccc42903,Ristorante top,"Avevo paura fosse immangiabile, ma il pranzo era perfetto.",F&B,positive,1,negation
b0e6a969-e213-42b0-b1ee-dba313432e61,Staff scortese,Non aspettatevi personale competente. Pessimi.,Reception,negative,0,negation
2c8d0e44-e71e-43a6-bf85-bf0ead64b56c,Menu squisito,"Ok la terrazza poteva sembrare insufficiente a primo impatto, ma poi decente.",F&B,positive,1,ambiguous
f275b5f3-d436-47a8-b3ec-b951ab8cbf97,Piatti deliziosi,"Il caffè era nella media alta. Non perfetto, ma ci siamo trovati bene. La stanza era quella che ci si aspetta.",F&B,positive,1,ambiguous
b49e04cc-c243-49e7-a387-eaf6d4c3a832,Hotel discreto,Accoglienza standard. Vacanza romantica. Ho trovato il menu succulento e ben curato. Lo consiglio.,F&B,positive,1,detailed
668409e3-f1f8-443e-a99f-131849c8a43f,Esperienza altalenante,"Il personale era più che sufficiente. Non eccezionale, ma disponibile.",Reception,positive,1,ambiguous
c4b032cc-d7c5-44a5-9304-317faf42e12f,Buffet ricchissimo,"Il cibo era non male. Non perfetto, ma ci siamo trovati bene.",F&B,positive,1,ambiguous
27cd8130-4722-4389-971a-a8766c307511,Personale gentilissimo,Trasferta di lavoro. Stanza confortevole. Staff competente. Cena abbondante. Top! Lenzuola cambiate regolarmente.,Reception,positive,1,multi_aspect
812a1f9b-1596-4802-b6dd-6257fb7d9f1c,Consigli utili,"Ok il minibar era scadente, ma il check-in energico compensa.",Reception,positive,1,mixed
c88a618e-fed4-457d-bb02-6576f512c4c3,Accoglienza calorosa,Ero qui per lavoro con Ida. Finalmente una manutenzione incantevole. Lo consiglio. Il minibar aveva i soliti prodotti.,Housekeeping,positive,1,detailed
04f64d86-7866-4765-94f7-ce8dd5bcb8d0,Colazione misera,Ho prenotato tramite Booking. Ho trovato la terrazza unta. Inaccettabile. Voto: 6/10.,F&B,negative,0,detailed
36b5229a-acf5-481e-b131-62697118e364,Pranzo da dimenticare,"Viaggio in faimglia. Tutto pessimo: camera datata, reception lento, ristorante insipida.",F&B,negative,0,multi_aspect
ddf275eb-e8a3-4341-8881-9065ba2c98ce,Personale fantastico,"Nonostante il cornetto congelato, il personale gentile ha fatto la differenza. Aria condizionata funzionante.",Reception,positive,1,mixed
7394988f-847f-49b4-a64d-1bcb702753a1,Ottima manutenzione,"Ok la pulizia poteva sembrare logora a primo impatto, ma poi più che sufficiente.",Housekeeping,positive,1,ambiguous
50032b35-1857-4baf-bac7-e2b96a7e4c36,Reception assente,Il personale delle pulizie era nella norma. Di impeccabile lo staff non aveva niente.,Reception,negative,0,negation
5ec42e08-29a3-42e9-9d65-a441d58842de,Ambiente squallido,Ho trovato lo specchio vecchio. Inaccettabile. Al bar niente di speciale.,Housekeeping,negative,0,simple
12922f83-ef8c-485b-807a-30f2edd4253b,Personale fantastico,L'ordine superava le aspettative: lussuoso! Potrebbe migliorare.,Housekeeping,positive,1,detailed
e9c349e0-3602-48ac-90f1-bc81448aaa9e,Reception disponibile,"Bar un po' sgradevole, però la portineria rapida. Promossi! Il bagno funzionava, niente di più.",Reception,positive,1,mixed
ebd14d2c-75b2-4455-84cc-3ede6fac1673,Personale sgarbato,La hall era incapace.,Reception,negative,0,simple
b69f68c3-e60f-4420-ac33-350c73b911d8,Ristorante top,"Check-in nella norma. Ok la stanza era cupa, ma la brioche raffinata compensa.",F&B,positive,1,mixed
8d244e3e-c4da-4ddb-a0b1-5abaa6a27967,Niente di speciale,"Il check-out era preparato, ma il pavimento logoro ha rovinato tutto.",Housekeeping,negative,0,mixed
828c37e7-87d5-47be-9d30-d990a21b0307,Stanza sporca,Scordateiv minibar elegante. Deludente.,Housekeeping,negative,0,negation
f8e1daa7-cbce-4bde-aede-db07e623a689,Cena pessima,Aria condizionata funzionante. Non sapevo cosa aspettarmi. Purtroppo l'assistenza era svogliata.,Reception,negative,0,detailed
c31edbbc-f36c-462b-892e-6161be2d740a,Piatti orribili,"La frutta sembrava profumata dalle foto, in realtà mediocre. Alla reception tutto regolare.",F&B,negative,0,ambiguous
1eb0e38a-675d-45af-bc36-5296dca02eec,Pulizia inesistente,Abbiamo soggiornato per il weekend. Deluso: la scrivania bollente. Pagato 177€ a notte.,Housekeeping,negative,0,detailed
d39e198b-4400-4d5a-a88d-a71926242b40,Reception disorganizzata,"Colazione perfetta, peccato per l'ingresso pigro.",Reception,negative,0,mixed
39feb99c-3127-4148-bc7c-404ec422d03e,Personale sgarbato,"Il personale era mediocre. Non terribile, ma nemmeno soddisfacente.",Reception,negative,0,ambiguous
37cc863b-f2a0-4459-9060-4f621d48a071,Cucina eccellente,Viaggio in famiglia. Devo dire che la colazione era tipica. Comunque torneremo.,F&B,positive,1,detailed
1d53434b-b881-49b9-ae27-0da702f06b90,Prima volta qui,"Nonostante il materasso squallido, il receptionist impeccabile ha fatto la differenza.",Reception,positive,1,mixed
b28f41de-fb14-4bc3-b04b-8590de9e3757,Reception efficiente,"Materasso profumato, niente da dire. Alla reception tutto regolare.",Housekeeping,positive,1,simple
8a4b8f7c-2147-4a15-bcce-96f6250a4578,Cena pessima,Di curato il ristorante non aveva nulla.,F&B,negative,0,negation
6699cd99-a847-4ce7-90fa-6b5724ac2130,Stanza eccellente,Buffet nella norma. Vacanza romantica. Piacevolmente sorpreso: l'ordine molto favoloso. Comunque torneremo.,Housekeeping,positive,1,detailed
98eeac2b-fe9f-4caa-a182-f347533f5a72,Stanza pessima,"La scrivania sembrava funzionale dalle foto, in realtà lascia a desiderare. Check-in nella norma.",Housekeeping,negative,0,ambiguous
5e9953d2-3e89-4c64-a117-dac3119c4ea3,Consigli utili,Check-in nella norma. Sulla carta il bagno doveva essere ordinato. Invece potrebbe fare di meglio.,Housekeeping,negative,0,ambiguous
c566aa81-b15e-44f6-94d3-07952e4bebc4,Weekend al mare,Non sapevo cosa aspettarmi. La terrazza superava le aspettative: magnifica! Pagato 165€ a notte.,F&B,positive,1,detailed
8eb22579-0cdb-4ca4-b6ec-bdd68498e113,Qualche giorno qui,"Il cappuccino anche gustoso, però lo staff villano. Mai più.",Reception,negative,0,mixed
a5769411-a0a1-4839-a745-770418dfbc3c,Poteva andare meglio,Soggiorno di 2 notti. Stanza funzionale. Staff puntuale. Cena generosa. Top! Check-in nella norma.,Housekeeping,positive,1,multi_aspect
1933918c-fa74-4761-af18-c1081723199d,Esperienza altalenante,"Nonostante l'ingresso scorbutico, l'ordine splendido ha fatto la differenza. Colazione continentale standard.",Housekeeping,positive,1,mixed
986f9025-8f15-4a58-bce6-850487f8424d,Pulizia inesistente,"Trasferta di lavoro. Il pavimento lasciava a desiderare, troppo rovinato. Nel complesso ok. Il concierge ci ha dato qualche indicazione.",Housekeeping,negative,0,detailed
bc594585-9445-48c0-8ef8-c2d6f7fd5646,Struttura recente,"Accoglienza sotto la media. Un peccato, rovinava l'esperienza. Il bagno funzionava, niente di più.",Reception,negative,0,ambiguous
e645f129-629c-4ae3-9d9a-f65982ec9f2d,Hotel in centro,"La stanza era quella che ci si aspetta. Reception abbastanza buono. Poteva andare peggio, anzi no, è andata bene.",Reception,positive,1,ambiguous
6cac028c-ba22-4065-9526-0718cd180a82,Qualche giorno qui,"Il pavimento era lussuoso, ma il caffè orribile ha rovinato tutto.",F&B,negative,0,mixed
bf5023f4-40ef-4935-9f90-bed6fb25664d,Consigli utili,"Colazione continentale standard. Il lavandino era sopra la media. Non perfetto, ma ci siamo trovati bene.",Housekeeping,positive,1,ambiguous
dde9f863-22bd-4388-adb9-9102a48b3dbe,Nota dolente,Non sapevo cosa aspettarmi. La camera superava le aspettative: intima! Forse ci torniamo. Check-in nella norma.,Housekeeping,positive,1,detailed
f7e8f8e5-0d2b-41ef-b897-6ec5ea74bb18,Personale gentilissimo,"Al bar niente di speciale. Siamo arrivati di giovedì verso le 13. Tutto perfetto: camera pulitissima, reception efficiente, ristorante generosa.",Reception,positive,1,multi_aspect
311c6eb6-2095-4ef6-8ded-f9fb4bb00f20,Ci sono stato,La reception era collaborativa.,Reception,positive,1,simple
79a28903-fbe3-4b24-beae-00320bd4a990,Cibo delizioso,Finalmente una brioche sostanziosa.,F&B,positive,1,simple
97d7a560-adb1-4670-ad9f-b00d4882d73c,Ambiente squallido,"Al bar niente di speciale. Lo specchio sembrava romantico dalle foto, in realtà mediocre.",Housekeeping,negative,0,ambiguous
17fc695a-07a0-4a6e-8822-e8f36c031199,Soggiorno ok,Viaggio in famiglia. Piacevolmente sorpreso: il cibo molto sano. Non lo consiglio. La stanza era quella che ci si aspetta.,F&B,positive,1,detailed
5260001e-eecf-47d2-b491-76f46090d697,Camera da incubo,"Il personale delle pulizie era nella norma. Lo staff potrebbe fare di meglio, purtroppo non all'altezza delle aspettative.",Reception,negative,0,ambiguous
61c2645a-c733-4304-8822-3120c4f9eccd,Reception efficiente,Il minibar aveva i soliti prodotti. Hotel consigliato da amici. Stanza favolosa. Staff sorridente. Cena prelibata. Top!,Reception,positive,1,multi_aspect
6b79afcc-3d0a-4f0c-8c39-4ec71f317405,Pranzo memorabile,"Ok il caffè poteva sembrare misero a primo impatto, ma poi accettabile.",F&B,positive,1,ambiguous
5738811d-70c2-403f-ba8d-03aa782a65e0,Cena pessima,Sulla carta il pranzo doveva essere pregiato. Invece non all'altezza. Nessun problema al check-out.,F&B,negative,0,ambiguous
a79b44b6-da50-4fed-9d4a-3d81b3a7d0e0,Poteva andare meglio,Il personale non era per niente disinteressato. Molto professionali.,Reception,positive,1,negation
4f2d4796-81d2-47de-8ce1-eb90e6697833,Esperienza altalenante,"Il lavandino non era affatto minuscolo. Anzi, molto curato.",Housekeeping,positive,1,negation
83599af6-5d01-455f-a7fd-64c4a334058a,Consigli utili,Soggiorno di 1 notti. La prenotazione era ospitale. Lo consiglio.,Reception,positive,1,detailed
630aa767-a2bb-422b-8b25-1279785ac5d0,Consigli utili,"Il minibar aveva i soliti prodotti. Personale svogliato, soprattutto Tatiana. Non lo consiglio.",Reception,negative,0,detailed
28f49481-a0a0-4dc4-a720-9bdf1c11f735,Buffet ricchissimo,"Il cornetto non era affatto freddo. Anzi, molto curato.",F&B,positive,1,negation
fcd6bdca-5876-4d09-b1fa-f665711533f3,Personale fantastico,Finalmente una manutenzione elegante.,Housekeeping,positive,1,simple
20509c62-08e8-45d7-b02c-1821c8040fb7,Struttura recente,Reception lascia a desiderare. Mi aspettavo di più per il prezzo pagato. Aria condizionata funzionante.,Reception,negative,0,ambiguous
4dd8eb85-b04d-4376-b7fc-97031fd5a423,Ci sono stato,"Prenotato 18 giorni prima. Cena fredda, pessima esperienza. Il personale delle pulizie era nella norma.",F&B,negative,0,detailed
d85c16bd-6dda-4f8d-8ea6-0f4c39e58ff0,Pranzo memorabile,"Ero qui per lavoro con Antonina. Piacevolmente sorpreso: la terrazza molto innovativa. Nel complesso ok. Il bagno funzionava, niente di più.",F&B,positive,1,detailed
5408f9ac-6601-4dd0-b170-f437a8f7ef5a,Qualità assente,"Mi aspettavo bar profumato, ma era sotto la media.",F&B,negative,0,ambiguous
a2607723-17a0-4f49-8d01-280fd89a40c0,Menu squisito,"Il cappuccino era accettabile. Non perfetto, ma ci siamo trovati bene.",F&B,positive,1,ambiguous
3985fb62-17dc-4eff-a872-13f98d605936,Personale gentilissimo,"Non ho trovato staff orribile. Anzi, gentilissimi.",Reception,positive,1,negation
aaf91531-0200-41f0-8768-a84fa76afde6,Staff incompetente,Ho trovato il receptionist freddo. Inaccettabile.,Reception,negative,0,simple
c9af18f8-43b9-4a13-ac85-6f373bc1a987,Qualche giorno qui,"Hotel consigliato da amici. Il pavimento lasciava a desiderare, troppo gelido. Mai più.",Housekeeping,negative,0,detailed
ac9ed156-f63f-4e41-ba9a-ca5e176132ed,Personale fantastico,Viaggio in famiglia. Stanza raffinata. Staff gentile. Cena fragrante. Top!,Reception,positive,1,multi_aspect
5970a859-c6b6-44ad-a7ea-8d5a31a3ac4d,Camera fantastica,Niente scrivania datata come temevo. Ottima! Il minibar aveva i soliti prodotti.,Housekeeping,positive,1,negation
71d79665-7181-4dcf-b79e-fc6e5edb0d3c,Pranzo da dimenticare,Accoglienza standard. Di delizioso il pranzo non aveva nulla.,F&B,negative,0,negation
5e0a72ab-7f5d-4163-b12b-66807f072cb9,Opinione sincera,"Dopo un viaggio da Capranica Prenestina, Stanza disastrosa. Staff arrogante. Cena pessima. Disastro.",Housekeeping,negative,0,multi_aspect
3a9bedd4-0f12-49e0-a18f-f6b6b535106e,Accoglienza gelida,"La colazione sembrava sfiziosa dalle foto, in realtà lascia a desiderare. Il concierge ci ha dato qualche indicazione.",F&B,negative,0,ambiguous
badcc32a-c159-4f53-8a0f-4efbedcd465e,Alti e bassi,"Hotel consigliato da amici. Camera elegante, personale preparato, colazione tipica. Torneremo! Nessun problema al check-out.",F&B,positive,1,multi_aspect
996d5c50-fc04-4168-a52f-fb493873e57f,Team straordinario,Trasferta di lavoro. Stanza favolosa. Staff impeccabile. Cena sfiziosa. Top! Niente da segnalare sulla manutenzione.,Reception,positive,1,multi_aspect
680ac07a-2a93-4d62-bc83-5dc0d9441fa5,Staff incompetente,"Il pranzo anche prelibato, però lo staff negligente. Mai più. Il minibar aveva i soliti prodotti.",Reception,negative,0,mixed
10275b53-2285-42ef-8fbe-4fe92ea9c542,Giudizio personale,"Dopo un viaggio da Fuipiano Valle Imagna, Stanza disastrosa. Staff svogliato. Cena amara. Disastro.",F&B,negative,0,multi_aspect
a65bb1f2-65c1-4795-b155-16bc9f8ded97,Soggiorno dicembre," Tutto pessimo: camera danneggiata, reception sgarbato, ristorante cruda.",Reception,negative,0,multi_aspect
6232b17a-2507-4181-8d1f-b54074eff545,Opinione sincera,"Trasferta di lavoro. Camera funzionale, personale straordinario, colazione tpiica. Torneremo! Niente da segnalare sulla manutenzione.",Reception,positive,1,multi_aspect
42c18a62-ef48-48d5-90fd-9d3f85d51695,Ambiente curatissimo,Non posso dire che la stanza fosse orrenda. Tutt'altro!,Housekeeping,positive,1,negation
83efa9f3-a1c7-4c8a-8435-1b64893ad232,Vacanza a metà,Vacanza romantica. Piacevolmente sorpreso: il bagno molto sofisticato. Voto: 6/10.,Housekeeping,positive,1,detailed
7e570ddf-8270-40a8-a369-b584ff5e9ff0,Cordialità unica,"La stanza era quella che ci si aspetta. Il personale era discreto. Non eccezionale, ma disponibile.",Reception,positive,1,ambiguous
72d8567d-894a-45e4-b0b1-87ef310c0c00,Alti e bassi,"Ho prenotato tramite Booking. Camera minuscola, personale ostile, colazione costosa. Mai più! Colazione continentale standard.",Housekeeping,negative,0,multi_aspect
409d3602-5084-4242-968b-1625746f7891,Weekend al mare,Il pranzo superava le aspettative: nutriente!,F&B,positive,1,simple
5d42b9e9-692e-47b6-8b2f-6d5c700b5d5f,Personale sgarbato,"Dopo un viaggio da Borgo Incoronata, Tutto pessimo: camera polverosa, reception distratto, ristorante pessima. Colazione continentale standard.",Reception,negative,0,multi_aspect
1e9b23bc-50c7-4006-b14d-3441b8a6171f,Servizio eccellente,"Il pranzo era misero, ma la hall straordinaria ha salvato tutto. Aria condizionata funzionante.",Reception,positive,1,mixed
f31046dc-6202-4ee6-9cb5-e69c5dc7b3e6,Colazione scarsa,"Il bar sembrava magnifico dalle foto, in realtà lascia a desiderare. Il bagno funzionava, niente di più.",F&B,negative,0,ambiguous
39c1e262-f76c-4ede-8110-12662408a6dc,Qualità assente,Non sapevo cosa aspettarmi. Stanza disastrosa. Staff orribile. Cena gommosa. Disastro.,F&B,negative,0,multi_aspect
e746ccb9-4ca9-4f07-b1aa-0f6a2a96e1e2,Colazione misera,Prenotato 8 giorni prima. La sala colazione era vecchia. Potrebbe migliorare.,F&B,negative,0,detailed
0a8381be-c85a-4a46-90e0-f4a0fbdd3933,Camera fantastica,"Personale presente ma niente di memorabile. Nonostante l'arredamento piccolo, il cibo sublime ha fatto la differenza.",F&B,positive,1,mixed
83f02dc7-4f61-4217-aef1-669450cae32d,Seconda visita,Sulla carta il letto doveva essere panoramico. Invece non proprio il massimo. Personale presente ma niente di memorabile.,Housekeeping,negative,0,ambiguous
53a3dd5a-4b8c-4bdc-a8dd-5e5a1712fb16,Staff eccezionale,"Accoglienza decente. Niente effetto wow, ma professionali.",Reception,positive,1,ambiguous
d1a69d87-f54e-4019-ba35-844e59e1ac09,Alti e bassi,"L'ordine anche comodo, però il cibo costoso. Mai più.",F&B,negative,0,mixed
37bb3eec-4bf5-4b52-b09d-258c27a0c3d7,Cordialità unica,"Nessuno disinteressato alla reception. Complimenti! Il bagno funzionava, niente di più.",Reception,positive,1,negation
39820cff-4f77-4665-ac3c-56403c20592f,Reception efficiente,Trasferta di lavoro. La portineria superava le aspettative: tempestiva! Pagato 68€ a notte.,Reception,positive,1,detailed
a9597663-6daa-4e68-8861-fe1858e25888,Stanza pessima,"Concierge meticoloso, peccato per lo specchio bui.o",Housekeeping,negative,0,mixed
21a4344f-bb7b-4e03-9d67-8bb1945ef2e4,Esperienza altalenante,"Dopo un viaggio da Cabanne, Stanza degradata. Staff saccente. Cena orribile. Disastro.",Reception,negative,0,multi_aspect
45d5a68d-290a-4abb-835b-9fea1578d709,Recensione hotel,Soggiorno di 3 notti. Non mi aspettavo un specchio così danneggiato. Vedremo la prossima volta.,Housekeeping,negative,0,detailed
5a0cdd7c-f157-4470-8182-67c47a1b5806,Consigli utili,"Colazione continentale standard. Il materasso sembrava luminoso dalle foto, in realtà potrebbe fare di meglio.",Housekeeping,negative,0,ambiguous
bd29ede9-cab4-423b-b448-83858de7ad6c,La mia esperienza,"Nonostante il minibar minuscolo, la brioche eccellente ha fatto la differenza.",F&B,positive,1,mixed
d0243d72-3748-467f-961d-33ba350843f0,Stanza eccellente,"Menu un po' deludente, però l'armadio accogliente. Promossi!",Housekeeping,positive,1,mixed
14dd5061-5557-46f8-a67e-ddcedf8f4197,Colazione scarsa,Di gustoso il cappuccino non aveva nulla.,F&B,negative,0,negation
7c967f79-b7e9-4aca-a970-65e18e46d534,Hotel centrale,"Accoglienza reattiva, peccato per la frutta povera.",F&B,negative,0,mixed
e0ccedc5-f05d-476e-9a84-a51aa9d3d7c7,Soggiorno ok,"Lenzuola cambiate regolarmente. Specchio raffinato, peccato per il cibo duro.",F&B,negative,0,mixed
00d4af59-7427-4ca3-a87d-06ca6f4cc69a,Cibo delizioso,Niente menu insufficiente come temevo. Ottimo! Aria condizionata funzionante.,F&B,positive,1,negation
dd3f7d7e-a508-4c95-93a4-a492497de16d,Camera consigliatissima,Non posso dire che l'armadio fosse obsoleto. Tutt'altro! Buffet nella norma.,Housekeeping,positive,1,negation
c122b5b3-284c-43d2-a7d4-15b60d77c5a0,Menu scadente,Abbiamo scelto questo hotel per la posizione. Ho trovato il bar duro. Inaccettabile. Pagato 121€ a notte.,F&B,negative,0,detailed
604e46cb-3712-42d1-87cd-b6a1bf012e32,Camera deludente,"Vacanza romantica. Il pranzo lasciava a desiderare, troppo vecchio. Voto: 8/10. Il bagno funzionava, niente di più.",F&B,negative,0,detailed
8de08fc2-c3e1-4a85-946e-f10411906f50,Camera da evitare,"Il portiere era dinamico, ma l'armadio terribile ha rovinato tutto.",Housekeeping,negative,0,mixed
175a81ec-112f-4612-b969-9ed2ec48bf55,Buffet ricchissimo,"La stanza era quella che ci si aspetta. Avevo paura fosse deludente, ma il ristorante era perfetto.",F&B,positive,1,negation
71299889-a01a-4992-bf9d-3e64c1a6423b,Soggiorno dicembre,"Personale esperto, specialmente Donna. La colazione era quella classica da hotel.",Reception,positive,1,simple
a43825b5-59e4-4671-8774-bc58c5f8bc16,Cucina pessima,"Il room service? Mediocre. Peccato, dalle recensioni sembrava meglio. Alla reception tutto regolare.",F&B,negative,0,ambiguous
c9277d9b-6e0d-4648-b5ce-884149732d6c,Nota dolente,Non posso dire che il lavandino fosse squallido. Tutt'altro!,Housekeeping,positive,1,negation
6aa42c9f-9217-4475-bd95-9e3f5a5226e6,Sistemazione ottima,"La stanza era quella che ci si aspetta. Dopo un viaggio da Santa Maria A Monte, Tutto perfetto: camera funzionale, reception premuroso, ristorante magnifica.",Reception,positive,1,multi_aspect
4f6e274b-deda-4027-a550-f74a1422373f,Weekend al mare,Prima volta in questa struttura. Ho trovato la terrazza gommosa. Inaccettabile. Nel complesso ok.,F&B,negative,0,detailed
87fa841a-3e83-491f-a544-0fe06e417d47,Niente di speciale,Non sapevo cosa aspettarmi. Stanza bollente. Staff brusco. Cena salata. Disastro.,Reception,negative,0,multi_aspect
6a702e2f-7746-40ba-8ae8-905b54b4a482,Staff preparato,"Nessun problema al check-out. Viaggio in famiglia. Camera confortevole, personale accogliente, colazione sfiziosa. Torneremo!",F&B,positive,1,multi_aspect
218c6e1c-9e37-4f7a-842c-bc39e05b46c5,Seconda visita,Ero qui per lavoro con Fortunata. Purtroppo il portiere era assente. Non lo consiglio.,Reception,negative,0,detailed
bf2c14a0-3a3c-4a71-bf57-4e2b4991ab9b,Trasferta di lavoro,"Bello: portiere reattivo, ma il lavandino terribile è inaccettabile.",Housekeeping,negative,0,mixed
b379cb1e-e8cd-40cc-b6da-3ca0d2e82f38,Prima volta qui,Scordatevi ristorante sano. Deludente.,F&B,negative,0,negation
fc902838-d874-4408-b7b2-17c7ae92ea71,Servizio inesistente,"Dopo un viaggio da San Giovanni Di Ceppaloni, Tutto pessimo: camera minuscola, reception freddo, ristorante molle.",Reception,negative,0,multi_aspect
752a7d25-f190-4b7e-86b4-69efb74eba93,Cena fantastica,"Il pranzo era mediocre, ma la portineria straordinaria ha salvato tutto.",Reception,positive,1,mixed
c775e395-d494-45f0-acd2-a404a48e40f1,Stanza splendida,"Soggiorno di 4 notti. Tutto perfetto: camera favolosa, reception sorridente, ristorante abbondante.",Reception,positive,1,multi_aspect
1c24220e-2cab-47e7-8c6b-66e5402adf9c,Struttura recente,"Avevo paura fosse nauseante, ma la colazione era perfetta.",F&B,positive,1,negation
79eb4168-1045-46e5-bee3-eb791d181ee9,Nota dolente,Ho trovato il buffet industriale. Inaccettabile. Pagato 215€ a notte.,F&B,negative,0,detailed
fbc9f87a-f668-4617-94a1-875d2db69edb,Gastronomia pessima,"L'igiene? Mediocre. Peccato, dalle recensioni sembrava meglio.",Housekeeping,negative,0,ambiguous
0b19f88e-9d77-445e-b206-c26938b77c07,Team impreparato,"Il check-out era cordiale, ma il cibo indigesto ha rovinato tutto.",F&B,negative,0,mixed
e2aa7a5d-278e-400d-ba02-66efbe055787,Ambiente squallido,"Il pavimento lasciava a desiderare, troppo terribile. Forse ci torniamo.",Housekeeping,negative,0,detailed
f8b38a8b-e05f-48bc-8a16-a06cc958e75e,Prima volta qui,Finalmente un check-out premuroso.,Reception,positive,1,simple
aca5e2fd-b966-442a-ad23-8d36dc322c97,Pulizia perfetta,"Avevo paura fosse stantio, ma il pranzo era perfetto.",F&B,positive,1,negation
9e574f7a-a0ee-49ae-9453-dd324b0dbb41,Piatti orribili,"Dopo un viaggio da Castelmagno, Purtroppo il room service era scotto. Mai più. Lenzuola cambiate regolarmente.",F&B,negative,0,detailed
a5cb63a2-398d-4ca6-8b68-70b51d61fac3,Cucina eccellente,"Dopo un viaggio da Fiume Veneto, Tutto perfetto: camera accogliente, reception accogliente, ristorante invitante. Personale presente ma niente di memorabile.",F&B,positive,1,multi_aspect
f2f9e5fa-9016-4161-8fa7-01cd2631d00b,Alti e bassi,"Trasferta di lavoro. Letto caldo, niente da dire. Rapporto qualità-prezzo discreto.",Housekeeping,positive,1,detailed
b70b3420-f104-4785-a58b-252360141de9,Consigli utili,"Sinceramente la frutta era decente, meglio del previsto.",F&B,positive,1,ambiguous
597e6845-e277-48c5-b37d-1fb6d11376e0,Struttura recente,"Il cappuccino lasciava a desiderare, troppo dur.o",F&B,negative,0,simple
a49b1cd9-9082-489b-a1cd-e87fec955f87,Opinione sincera,Prenotato 19 giorni prima. Piacevolmente sorpreso: l'ordine molto solare. Mai più.,Housekeeping,positive,1,detailed
15b02530-f020-4992-b576-255e98549f22,Servizio pessimo,"Hotel consigliato da amici. Tutto pessimo: camera trascurata, reception altezzoso, ristorante scialba.",Reception,negative,0,multi_aspect
38d77b9a-e916-4a57-b248-23ab177a8a5f,Team straordinario,"Siamo arrivati di mercoledì verso le 23. Personale reattivo, specialmente Raffaello. Rapporto qualità-prezzo discreto.",Reception,positive,1,detailed
46fde062-a33d-47af-9701-410d3f4b1a70,Stanza sporca,"Abbiamo scelto questo hotel per la posizione. Camera terribile, personale maleducato, colazione insapore. Mai più!",Housekeeping,negative,0,multi_aspect
93cd59bf-5c94-4cf0-9c98-d2c1e2acf72f,Staff preparato,Non posso dire che il letto fosse logoro. Tutt'altro! Nessun problema al check-out.,Housekeeping,positive,1,negation
0b2c782a-6928-4e92-868a-152fdb23aa8c,Soggiorno dicembre,Il caffè era decente. Prenotato 29 giorni prima. Stanza degradata. Stfaf svogliato. Cena precotta. Disastro.,Housekeeping,negative,0,multi_aspect
43ef2016-2c9b-462e-840a-3aae52e2afd9,Buffet ricchissimo,"Soggiorno di 5 notti. Camera curata, personale premuroso, colazione abbondante. Torneremo!",F&B,positive,1,multi_aspect
d9f195d0-1482-4f53-8201-0c62f5f59b22,Stanza splendida,Buffet nella norma. Viaggio in famiglia. Stanza sofisticata. Staff disponibile. Cena abbondante. Top!,Housekeeping,positive,1,multi_aspect
6a5d932b-45ff-4c83-b495-db4e82456fb4,Camera orribile,"Cibo pregiato, peccato per l'arredamento maleodorante. Il minibar aveva i soliti prodotti.",Housekeeping,negative,0,mixed
504867ba-bf7b-439b-8f9a-ea4b8acd4e10,Personale gentilissimo,"Il personale era accettabile. Non eccezionale, ma disponibile.",Reception,positive,1,ambiguous
0dde29a6-baa4-471a-9d24-67ac778eedb3,Pro e contro,"Dopo un viaggio da Chiusano D'Asti, Piacevolmente sorpreso: l'ordine molto moderno. Non lo consiglio.",Housekeeping,positive,1,detailed
1c6345ab-6e0e-41e8-985d-3f861d2324e6,Giudizio personale,Niente room service rancido come temevo. Ottimo!,F&B,positive,1,negation
43e42caf-8181-48cc-b691-47eb89a2688b,Soggiorno breve,"Il bagno funzionava, niente di più. Viaggio in famiglia. Camera scadente, personale frettoloso, colazione misera. Mai più!",Reception,negative,0,multi_aspect
683514f2-ceb8-4f9d-b914-c120c8dcd19f,Esperienza altalenante,"Al bar niente di speciale. Vacanza romantica. Camera solare, personale eccellente, colazione curata. Torneremo!",Housekeeping,positive,1,multi_aspect
32ebd689-9be5-48c7-81f6-31d4a39231a7,Vacanza a metà,Prima volta in questa struttura. Stanza fresca. Staff affidabile. Cena irresistibile. Top!,Housekeeping,positive,1,multi_aspect
714c7df4-e434-4d51-8158-1092f335cba3,Reception disponibile,Devo dire che l'accogleinza era reattiva.,Reception,positive,1,simple
333ee344-7dbf-4bc1-bfa6-23d0ea9e5c8d,Trasferta di lavoro,Niente da segnalare sulla manutenzione. Hotel consigliato da amici. Stanza pulitissima. Staff rispettoso. Cena tipica. Top!,Reception,positive,1,multi_aspect
6cedd15d-5800-4c02-87ea-7ff58db06746,Staff scortese,Abbiamo soggiornato per il weekend. Stanza rovinata. Staff aggressivo. Cena pesante. Disastro. Lenzuola cambiate regolarmente.,Reception,negative,0,multi_aspect
632dbb5e-486b-46bf-aafd-e7d95f733a3e,Accoglienza pessima,"Accoglienza non proprio il massimo. Un peccato, rovinava l'esperienza. Niente da segnalare sulla manutenzione.",Reception,negative,0,ambiguous
4d183eba-3cd5-4d7f-89c1-0669c6b33fe6,Stanza sporca,"Prima volta in questa struttura. Tutto pessimo: camera stretta, reception irritante, ristorante immangiabile. Colazione continentale standard.",Reception,negative,0,multi_aspect
8b040f49-d0be-43ee-bd37-253965f202f9,Personale gentilissimo,"Reception abbastanza buono. Poteva andare peggio, anzi no, è andata bene.",Reception,positive,1,ambiguous
217d65a0-c568-41cd-9563-f61600e85ece,Pranzo da dimenticare, Stanza caotica. Staff presuntuoso. Cena mediocre. Disastro.,Reception,negative,0,multi_aspect
405cacec-8774-49a9-b7d2-1e02ff01cf99,Ottima manutenzione,Abbiamo mangiato qualcosa al ristorante. Devo dire che l'armadio era favoloso. Mai più.,Housekeeping,positive,1,detailed
3ed8c56c-da09-4fa0-9282-8d8044b591f7,Qualche giorno qui,Sulla carta la stanza doveva essere pulitissima. Invece mediocre. La colazione era quella classica da hotel.,Housekeeping,negative,0,ambiguous
1dde7969-6886-43db-a634-8e784d5c55c7,Ristorante top,Devo dire che il pranzo era irresistibile.,F&B,positive,1,simple
dc8aee30-be60-43f7-a8be-9288e5af6e39,Cordialità unica,"Il bagno funzionava, niente di più. La manutenzione era piccola, ma lo staff amichevole ha salvato tutto.",Reception,positive,1,mixed
bc3536df-94f7-4dba-8581-1d2d1a89b71e,Colazione abbondante,Finalmente una sala colazione sostanziosa.,F&B,positive,1,simple
def57689-68f4-4bce-a4e7-5e8eb8f21423,Ci sono stato,"Ho prenotato tramite Booking. Tutto pessimo: camera trascurata, reception approssimativo, ristorante molle.",Housekeeping,negative,0,multi_aspect
a4bbf962-606e-4e1c-8f15-84494f40c22f,Poteva andare meglio,"Materasso un po' fatiscente, però il room service nutriente. Promossi!",F&B,positive,1,mixed
db20a56e-dc81-4fe7-8eda-8bbb71710434,Soggiorno breve,Deluso: il materasso stretto.,Housekeeping,negative,0,simple
7ecddbaf-26f0-4fcf-bb16-e5dba6eab79e,Colazione abbondante,Il room service superava le aspettative: fantastico!,F&B,positive,1,simple
ca3dd859-c5ce-499c-86b8-265911df12d7,Pulizia scarsa,Purtroppo la camera era trascurata. Comunque torneremo.,Housekeeping,negative,0,detailed
49bc473f-ed7b-4656-a18a-15368c99a894,Ristorante deludente,"Trasferta di lavoro. Tutto pessimo: camera scadente, reception nervoso, ristorante immangiabile. Il personale delle pulizie era nella norma.",F&B,negative,0,multi_aspect
57eb89b1-d65e-49dd-a62d-2d06cf9b8558,Prima volta qui,Hotel consigliato da amici. Deluso: il cibo deludente. Vedremo la prossima volta.,F&B,negative,0,detailed
f54ad0a2-e874-46d7-ad66-a1bd93676a02,Trasferta di lavoro, Stanza trascurata. Staff orribile. Cena acida. Disastro. Aria condizionata funzionante.,Reception,negative,0,multi_aspect
533420e6-d9d8-4b8d-be8a-dee70758e201,Stanza pessima,"Prenotato 19 giorni prima. Camera buia, personale ostile, colazione povera. Mai più!",Housekeeping,negative,0,multi_aspect
98ae4334-6c12-4ce8-ae34-0454cac5b68c,Pro e contro,"La sala colazione lasciava a desiderare, troppo sgradevole.",F&B,negative,0,simple
956269f0-e5d7-4875-adad-d6c795a76d79,Ambiente curatissimo,"Sinceramente la scrivania era decente, meglio del previsto.",Housekeeping,positive,1,ambiguous
664fa663-7e8f-4095-a24c-69b6b24445a7,Menu squisito,"Soggiorno di 4 notti. Tutto perfetto: camera splendida, reception accogliente, ristorante irresistibile. Il bagno funzionava, niente di più.",F&B,positive,1,multi_aspect
9b37a22b-6a8a-416f-83b2-90d08edddfcd,Alti e bassi,"Ho prenotato tramite Booking. Tutto pessimo: camera trasandata, reception inefficiente, ristorante cruda.",Reception,negative,0,multi_aspect
ef2ae713-5702-4049-aa39-aaa6dabac50d,Reception disponibile,"La frutta non era affatto molle. Anzi, molto curata. Alla reception tutto regolare.",F&B,positive,1,negation
a2086977-a9f2-4336-83f4-a9a948a639d0,Opinione sincera,Ero qui per lavoro con Flora. Calcedonio si è dimostrato sgradevole. Comunque torneremo. Camera nella media per la categoria.,Reception,negative,0,detailed
cbd58bf6-1efd-46e9-8e37-14af99b49350,Hotel centrale,"Ingresso ospitale, peccato per lo specchio sporco.",Housekeeping,negative,0,mixed
06e745f9-88bc-439c-9f4c-3b79fb10987f,Camera deludente,Lo staff faceva il suo lavoro. Vacanza romantica. Stanza umida. Staff ostile. Cena limitata. Disastro.,F&B,negative,0,multi_aspect
f7860b50-11c5-4ef0-9d46-3c09475287aa,Alti e bassi,Niente cena scialba come temevo. Ottima!,F&B,positive,1,negation
bc8f7d29-2dea-4493-8658-663a698c206f,Hotel centrale,Nessuno svogliato alla reception. Complimenti!,Reception,positive,1,negation
5a31b4cc-cd4b-49a9-9b68-9c883ae909fe,Camera consigliatissima,Non posso dire che il ristorante fosse riscaldato. Tutt'altro!,F&B,positive,1,negation
c5c5b37a-f85e-46a1-9dad-09b252c21221,Personale maleducato,"Lo staff non soddisfacente, purtroppo non all'altezza delle aspettative.",Reception,negative,0,ambiguous
a56c0941-fbf2-4050-a748-dbcfac619e63,Ambiente trascurato,"Mi aspettavo scrivania elegante, ma era mediocre.",Housekeeping,negative,0,ambiguous
118405ad-9e11-42cd-8930-aef68a80068d,Seconda visita,Abbiamo soggiornato per il weekend. Stanza deprimente. Staff sgradevole. Cena riscaldata. Disastro.,Housekeeping,negative,0,multi_aspect
328067a1-4187-422b-a57d-5e521a5165ca,Hotel nella media,"Il concierge ci ha dato qualche indicazione. Brioche sostanziosa, peccato per lo specchio sciatto.",Housekeeping,negative,0,mixed
73b0a091-7634-4169-8f76-e38812fe28bf,Opinione sincera,"Viaggio in famiglia. Camera maestosa, personale cordiale, colazione fragrante. Torneremo!",F&B,positive,1,multi_aspect
9364f3d0-5024-4dc6-9cb3-3df313eecdc6,Camera fantastica,"Colazione continentale standard. Avevo paura fosse obsoleto, ma l'arredamento era perfetto.",Housekeeping,positive,1,negation
ee0caeb5-ecfe-4b99-a790-cebdbfddc3d9,Reception assente,"Siamo arrivati di venerdì verso le 17. Camera orrenda, personale altezzoso, colazione industriale. Mai più!",Reception,negative,0,multi_aspect
49a23a89-e6b5-492c-b71a-d655cdfc6ee0,Camera da sogno,Ero qui per lavoro con Vittoria. Il pavimento superava le aspettative: eccellente! Al bar niente di speciale.,Housekeeping,positive,1,detailed
f143262f-dc5c-4eed-8da0-365bf89897b9,Personale sgarbato,"Cornetto curato, peccato per il personale frettoloso. Colazione continentale standard.",Reception,negative,0,mixed
75a66981-4104-48b5-a34d-b7c5760debbb,Camera da evitare,"Il cornetto anche goloso, però la scrivania soffocante. Mai più.",Housekeeping,negative,0,mixed
3c7c1d85-25cf-4041-90a6-43fea53bc024,Alti e bassi,"Il bar non era affatto secco. Anzi, molto curato.",F&B,positive,1,negation
ee87905e-4ca4-45ea-8dfa-6a56d12dbc9a,Giudizio personale,"La brioche? Accettabile. Niente di eccezionale, ma funzionale. La stanza era quella che ci si aspetta.",F&B,positive,1,ambiguous
eaafe543-2434-4678-a9e2-7ba9952e6abb,Reception disponibile,"Colazione continentale standard. Reception nella media alta. Poteva andare peggio, anzi no, è andata bene.",Reception,positive,1,ambiguous
cb08587d-1963-426d-ae21-8b099afd4015,Staff incompetente,Non aspettatevi personale impeccabile. Pessimi.,Reception,negative,0,negation
20b71785-d02c-40c1-9417-0a17caaa5bbe,Gastronomia pessima,"Il buffet anche ricercato, però lo specchio angusto. Mai più.",Housekeeping,negative,0,mixed
18e19331-1dba-4267-be1c-a5a1fef518a6,Servizio inesistente,"Ho prenotato tramite Booking. Tutto pessimo: camera fredda, reception aggressivo, ristorante povera.",Reception,negative,0,multi_aspect
5b62a8df-493e-404d-b0ec-2796a59b457f,Buffet povero,"Viaggio in famiglia. Tutto pessimo: camera datata, reception inefficiente, ristorante dura. Il minibar aveva i soliti prodotti.",Reception,negative,0,multi_aspect
97ac6aa8-bb24-48a3-9363-57b66f81cf4f,Nota dolente,Hotel consigliato da amici. Il minibar era arioso. Lo consiglio. Buffet nella norma.,Housekeeping,positive,1,detailed
79e13cea-b0cb-461f-bd85-de89c2171429,Servizio inesistente,"Bello: frutta curata, ma la reception presuntuosa è inaccettabile.",Reception,negative,0,mixed
1fdd980a-45f1-4619-94f9-0429a7de02cc,Pranzo da dimenticare,Accoglienza standard. Non aspettatevi cornetto sfizioso. Pessimo.,F&B,negative,0,negation
bf3c4c06-4343-48bc-89fa-6a688fb5d27b,Staff scortese,"Il personale delle pulizie era nella norma. Dopo un viaggio da Olginate, Lucrezia si è dimostrato scorbutico. Voto: 3/10.",Reception,negative,0,detailed
a6846099-f729-4951-8591-31d2bbda0242,Stanza sporca,Siamo arrivati di venerdì verso le 23. Stanza sporca. Staff sbrigativo. Cena costosa. Disastro. Abbiamo mangiato qualcoas al ristorante.,Housekeeping,negative,0,multi_aspect
816bcb9f-7426-4193-8b7e-6b3c87d292a6,Stanza splendida,"Nonostante la reception arrogante, lo specchio solare ha fatto la differenza.",Housekeeping,positive,1,mixed
8b1e3b9d-c34b-4fbb-8d4a-75b8551ac8ea,La mia esperienza,Lo specchio superava le aspettative: profumato! Nessun problema al check-out.,Housekeeping,positive,1,simple
ff50bde4-3825-47b8-9cab-cc97663f1c97,Camera orribile,"La pulizia? Non proprio il massimo. Peccato, dalle recensioni sembrava meglio.",Housekeeping,negative,0,ambiguous
a3b442bd-4649-4296-af58-42c3ff86cc31,Camera da evitare,"Non sapevo cosa aspettarmi. Tutto pessimo: camera scadente, reception approssimativo, ristorante stantia.",F&B,negative,0,multi_aspect
be3e6e57-f30a-4e32-aba4-fc035efa9c5b,Reception disponibile,"Ho prenotato tramite Booking. Personale ospitale, specialmente Rodolfo. Esperienza da ripetere.",Reception,positive,1,detailed
ec24a3c5-c754-408f-b418-8f3f8a14be62,Servizio impeccabile,Check-in nella norma. La scrivania superava le aspettative: rifinita!,Housekeeping,positive,1,simple
69efafb1-3a7e-4e14-a359-eee173991a47,Colazione misera,"La frutta? Non all'altezza. Peccato, dalle recensioni sembrava meglio.",F&B,negative,0,ambiguous
e1a47e10-2d53-4dd0-8f8e-bc5accc56569,Manutenzione assente,"Il cappuccino anche innovativo, però il check-in lento. Mai più. Il minibar aveva i soliti prodotti.",Reception,negative,0,mixed
6553867d-a881-4fd3-947d-577bfa5a91ca,Trasferta di lavoro,Reception non all'altezza. Mi aspettavo di più per il prezzo pagato. Niente da segnalare sulla manutenzione.,Reception,negative,0,ambiguous
ebc2026f-af34-4f65-a193-c4b23c19e71d,Esperienza altalenante,"Avevo paura fosse industriale, ma la colazione era perfetta.",F&B,positive,1,negation
15eacbcf-ab10-41ce-aa14-3cd82ff3cde4,Soggiorno ok,"Accoglienza non soddisfacente. Un peccato, rovinava l'esperienza.",Reception,negative,0,ambiguous
0f5ae9d3-8e6e-4003-a14f-3f12cfd01cbd,Personale gentilissimo,"Ok la frutta era salata, ma la hall meticolosa compensa. Il caffè era decente.",Reception,positive,1,mixed
28f4e3ce-aded-4a80-bff9-507dcd14a03e,Consigli utili,"Accoglienza sotto la media. Un peccato, rovinava l'esperienza.",Reception,negative,0,ambiguous
f5c9b047-9c10-4572-8f6b-40d09efba58b,Accoglienza pessima,Prenotato 27 giorni prima. Non mi aspettavo una assistenza così incompetente. Pagato 150€ a notte.,Reception,negative,0,detailed
2d5972c6-134a-4a2f-a7cf-705cc257cf73,Nota dolente," Tutto perfetto: camera spaziosa, reception ottimo, ristorante biologica. Lo staff faceva il suo lavoro.",Housekeeping,positive,1,multi_aspect
6d15f16f-b7b8-41a5-9a45-693d7227890e,Cibo immangiabile,"Dopo un viaggio da Solesino, Camera trascurata, personale sbrigativo, colazione deludente. Mai più!",F&B,negative,0,multi_aspect
62f5df2b-adaa-44ca-8ed6-ad5e18318aa3,Nota dolente,Devo dire che il minibar era confortevol.e,Housekeeping,positive,1,simple
c7fee39f-1190-4938-a66f-d7f739669fa7,Poteva andare meglio,"Personale inefficiente, soprattutto Maurizio. Il caffè era decente.",Reception,negative,0,simple
4140752c-aa44-4259-9001-8b7b6d4067f4,Camera consigliatissima,Niente letto maleodorante come temevo. Ottimo!,Housekeeping,positive,1,negation
72bb912d-7da6-4785-b63b-4dc3a559e463,Buffet ricchissimo,"Nonostante il pavimento sciatto, il check-out ospitale ha fatto la differenza.",Reception,positive,1,mixed
4b22d308-1c8e-4ee9-9715-bd6fa4161293,Pulizia inesistente,"Niente da segnalare sulla manutenzione. Ero qui per lavoro con Marissa. Camera terribile, personale superficiale, colazione immangiabile. Mai più!",F&B,negative,0,multi_aspect
b0b63bcf-0860-4833-879d-0cdaf396ea37,Reception disponibile,"La scrivania era cupa, ma l'accoglienza simpatica ha salvato tutto.",Reception,positive,1,mixed
1a3d1fa7-bc89-40a9-a3b8-c1e9392456de,Pulizia scarsa,"Abbiamo soggiornato per il weekend. Tutto pessimo: camera caotica, reception irritante, ristorante gommosa.",F&B,negative,0,multi_aspect
1f45dbfd-f7dc-47e0-b097-4b2b46a02a9b,Cibo immangiabile,"Viaggio in famiglia. Staff assente, Paride in particolare. Comunque torneremo.",Reception,negative,0,detailed
1eb74b56-53ff-43a2-8a19-35014169b9fc,Personale fantastico,Piacevolmente sorpreso: il portiere molto competente.,Reception,positive,1,simple
88575117-6155-4667-a112-507c2cfa55b0,Menu squisito,Niente buffet molle come temevo. Ottimo!,F&B,positive,1,negation
f065c817-687a-4850-9d9b-62317d45d8ef,Gastronomia pessima,"Il caffè? Non all'altezza. Peccato, dalle recensioni sembrava meglio. Camera nella media per la categoria.",F&B,negative,0,ambiguous
c01f36bf-3e6d-458b-b367-c28de1b294de,Poteva andare meglio,"Dopo un viaggio da Latina Scalo, Camera solare, personale sorridente, colazione eccellente. Torneremo!",F&B,positive,1,multi_aspect
e87d1c78-e7c4-41c7-8049-7b717d106c60,Personale sgarbato,"Dopo un viaggio da Revigliasco D'Asti, Camera rovinata, personale indifferente, colazione scadente. Mai più!",Reception,negative,0,multi_aspect
5c62b3a2-3a3c-463e-8bd6-cee631b1b099,Nota dolente,"Soggiorno di 5 notti. Pulizia ordinata, niente da dire. Voto: 6/10.",Housekeeping,positive,1,detailed
5ca260c9-eb76-47c9-b08a-4895d4ffa666,Hotel centrale,Scodratevi accoglienza calorosa. Disastro.,Reception,negative,0,negation
c8fe3ccd-c8b8-49c6-ad30-49cf43e458fc,Menu scadente,"Lo staff potrebbe fare di meglio, purtroppo non all'altezza delle aspettative.",Reception,negative,0,ambiguous
a2814044-6f96-4882-95d8-2980ff37d19c,Soggiorno breve,"Niente da segnalare sulla manutenzione. Abbiamo soggiornato per il weekend. Camera romantica, personale dinamico, colazione leggera. Torneremo!",F&B,positive,1,multi_aspect
12f5131a-da52-42ee-a2bf-18f51f652a87,Colazione misera,"Mi aspettavo room service eccellente, ma era insufficiente. Il personale delle pulizie era nella norma.",F&B,negative,0,ambiguous
4a15544d-c5e7-4e8a-ba57-8a8ea9488d99,Team impreparato,"Soggiorno di 6 notti. Tutto pessimo: camera datata, reception brusco, ristorante riscaldata.",Reception,negative,0,multi_aspect
b88ec318-c16d-43ed-ad81-f8bd402913ec,Camera da incubo,"Vacanza romantica. Tutto pessimo: camera fredda, reception sgradevole, ristorante scotta.",Housekeeping,negative,0,multi_aspect
6e3f683a-bf3c-4140-bf54-a51101fa964e,Menu scadente,Vergognoso: brioche povera.,F&B,negative,0,simple
1b4da0fe-7bb3-4605-9a74-3152627b41a1,Reception disorganizzata,"Colazione sublime, peccato per la portineria orribile. Aria condizionata funzionante.",Reception,negative,0,mixed
d248a9a7-ac1a-4554-83c7-5611ffe3fa49,Hotel centrale,Alessandro era professionale.,Reception,positive,1,simple
36760ce5-81e5-49f6-93f2-77cc1a85910d,Manutenzione assente,"Siamo arrivati di sabato verso le 17. Camera maleodorante, personale sgradevole, colazione pessima. Mai più!",Housekeeping,negative,0,multi_aspect
abf3e3fc-2181-4d25-a552-38a643ff5011,Qualche giorno qui,Colazione continentale standard. Viaggio in famiglia. Stanza fatiscente. Staff arrogante. Cena insapore. Disastro.,Reception,negative,0,multi_aspect
6b8e869f-d538-4b0e-b4f3-193c0ff0a55c,Buffet povero,Scordatevi caffè ottimo. Deludente. Camera nella media per la categoria.,F&B,negative,0,negation
25f934bf-9bb9-4155-9275-eb9414aeaf5c,Hotel nella media,Ho prenotato tramite Booking. Vergognoso: cappuccino bruciato. Nel complesso ok.,F&B,negative,0,detailed
a181c85e-ca0a-46ac-8d67-d38e990f0c5b,Consigli utili,Ho prenotato tramite Booking. Ho trovaot lo specchio elegante e ben curato. Comunque torneremo.,Housekeeping,positive,1,detailed
9a8dca03-580d-4b71-98f5-64135be6128e,Camera deludente,Scordatevi arredamento rifinito. Deludente.,Housekeeping,negative,0,negation
8cbfedb0-f264-4ccc-b9ac-1b1ea8e56e0c,Pulizia inesistente,"Abbiamo soggiornato per il weekend. Camera umida, personale lento, colazione insipida. Mai più!",Housekeeping,negative,0,multi_aspect
fbe94499-dbc0-40fd-86fb-7bf300b9d4a3,Poteva andare meglio,Colazione continentael standard. Nessuno villano alla reception. Complimenti!,Reception,positive,1,negation
0b5cea6a-4135-4e8c-b0a9-00ad939b462d,Alti e bassi,"Personale presente ma niente di memorabile. La pulizia? Mediocre. Peccato, dalle recensioni sembrava meglio.",Housekeeping,negative,0,ambiguous
0b599562-2227-419f-951f-f086c1b5b5ca,Servizio inesistente,"Bello: frutta eccellente, ma il concierge ostile è inaccettabile.",Reception,negative,0,mixed
ad973b67-9b89-45cb-9942-644c248d31ec,Poteva andare meglio,Finalmente una prenotazione discreta.,Reception,positive,1,simple
dd59ba71-36b8-4481-bb3a-4e3e7c52fa17,Buffet ricchissimo,"Ok la manutenzione era orrenda, ma la brioche buonissima compensa.",F&B,positive,1,mixed
75d66ed4-eb1f-49f2-910b-d1d033173470,Soggiorno dicembre,"Abbiamo mangiato qualcosa al ristorante. Soggiorno di 4 notti. Tutto perfetto: camera luminosa, reception tempestivo, ristorante fantastica.",Housekeeping,positive,1,multi_aspect
b540b30e-039f-4a25-8d61-68bd2defe193,Ambiente squallido,Alla reception tutto regolare. Scordatevi armadio perfetto. Deludente.,Housekeeping,negative,0,negation
6c8c3b6a-a974-4079-b16f-da0a45a88829,Accoglienza pessima,"Il personale delle pulizie era nella norma. Il servizio in camera era appetitoso, ma il portiere frettoloso ha rovinato tutto.",Reception,negative,0,mixed
147f6570-1a43-4b54-923a-e9934b3446bc,Cucina eccellente,Vacanza romantica. Stanza moderna. Staff amichevole. Cena calda. Top! Camera nella media per la categoria.,Reception,positive,1,multi_aspect
562b0f79-c374-49ee-b50b-ea63371ecd7b,Vacanza a metà,"Mi aspettavo terrazza ricercata, ma era potrebbe fare di meglio. Lo staff faceva il suo lavoro.",F&B,negative,0,ambiguous
bdf66ba5-dc9c-46de-a5a6-74c212738a23,Ottima manutenzione,"Il lavandino era più che sufficiente. Non perfetto, ma ci siamo trovati bene.",Housekeeping,positive,1,ambiguous
3b70b3a1-24a3-4cf2-9549-c931e9af299d,Esperienza altalenante,Il caffè era decente. Vacanza romantica. Lo specchio superava le aspettative: raffinato! Non lo consiglio.,Housekeeping,positive,1,detailed
99546eb4-0025-4ad1-ab22-63dd87c5421e,Soggiorno breve,"Accoglienza non all'altezza. Un peccato, rovinava l'esperienza.",Reception,negative,0,ambiguous
afd5dea5-89d7-4d6c-8e77-7f00ecf27e76,Gastronomia top,Il personale delle pulizie era nella norma. Ero qui per lavoro con Umberto. Stanza profumata. Staff accogliente. Cena generosa. Top!,F&B,positive,1,multi_aspect
4ab7706e-b773-40ca-aec2-59dc7f95897c,Reception efficiente,Devo dire che l'accoglienza era empatica.,Reception,positive,1,simple
1497d658-7010-4719-be69-5d0d8a3c3b5e,Ristorante top,"Camera nella media per la categoria. Abbiamo scelto questo hotel per la posizione. Tutto perfetto: camera pulitissima, reception rispettoso, ristorante golosa.",F&B,positive,1,multi_aspect
8dcdcd03-969b-4662-8562-8059568cc69b,Pranzo da dimenticare,"Trasferta di lavoro. Camera sciatta, personale negligente, colazione amara. Mai più!",Reception,negative,0,multi_aspect
5f65c8ce-bd21-4c11-be9d-61ee18b87245,Cena pessima,"Dopo un viaggio da Cassinelle, Non mi aspettavo un menu così povero. Non lo consiglio. Il bagno funzionava, niente di più.",F&B,negative,0,detailed
949077c2-7674-456f-a26d-719d81cf3252,Esperienza altalenante,Abbiamo soggiornato per il weekend. Carolina si è dimostrato frettoloso. Comunque torneremo.,Reception,negative,0,detailed
86295b5d-707d-4251-bdb1-429e7010ed13,Qualche giorno qui,"Viaggio in famiglia. Il check-in lasciava a desiderare, troppo incompetente. Nel complesso ok.",Reception,negative,0,detailed
69ca97d2-7644-44fd-8ae7-69edde8ede0b,Ci sono stato,Ho prenotato tramite Booking. Stanza perfetta. Staff reattivo. Cena sublime. Top!,Housekeeping,positive,1,multi_aspect
54aebd1b-8ce6-424d-bef5-9fe6ff233d5f,Struttura recente,"Accoglienza nella media alta. Niente effetto wow, ma professionali.",Reception,positive,1,ambiguous
70b7e868-d854-40f0-9fca-f0b719b17e80,Colazione ottima,Ho trovato la frutta irresistibile e ben curata.,F&B,positive,1,simple
e893be3d-7354-4a6f-a160-745985c7504b,Cucina eccellente,Ho trovato la sala colazione calda e ben curata. Pagato 223€ a notte.,F&B,positive,1,detailed
88bd6407-2bcf-4e01-a28d-efe39bf00273,Ristorante top,"Il ristorante non era affatto crudo. Anzi, molto curato.",F&B,positive,1,negation
d20f87d0-4465-4d6b-81fb-18b3c9a7d91f,Weekend al mare,Alla reception tutto regolare. La brioche non era certo eccellente. Delusione totale.,F&B,negative,0,negation
82af085c-138d-494c-ab0a-beddc77444cb,Qualche giorno qui,Soggiorno di 6 notti. Ho trovato il servizio in camera buonissimo e ben curato. Potrebbe migliorare. La stanza era quella che ci si aspetta.,F&B,positive,1,detailed
6a07f213-7129-4ec7-9b69-554d7c54535f,Hotel nella media,"Temevo receptionist nervoso, invece super disponibili.",Reception,positive,1,negation
7ed70ed7-b194-490b-a961-929e546e035a,Seconda visita,"Accoglienza non all'altezza. Un peccato, rovinava l'esperienza.",Reception,negative,0,ambiguous
3838b326-8e94-4239-b02b-61c4a3d70628,Niente di speciale,"Il pranzo era prelibato, ma la manutenzione maleodorante ha rovinato tutto.",Housekeeping,negative,0,mixed
66b2bc5b-50c1-47fc-8e17-7b4e0837b8a3,Cibo immangiabile,Abbiamo scelto questo hotel per la posizione. Il cornetto era scadente. Rapporto qualità-prezzo discreto.,F&B,negative,0,detailed
1d34d08e-7a4c-45d4-9c99-e04cf0e98b3b,Accoglienza calorosa,"Dopo un viaggio da Poggio Fidoni, Camera spaziosa, personale competente, colazione curata. Torneremo! Al bar niente di speciale.",Reception,positive,1,multi_aspect
8b8148f6-b38a-488c-a65e-d389b74d0fb1,Attesa infinita,"Dopo un viaggio da Librizzi, Gaetano si è dimostrato scostante. Esperienza da ripetere. La colazione era quella classica da hotel.",Reception,negative,0,detailed
059dd55d-4b94-4e30-b303-f438fe2110d0,Personale fantastico,"Trasferta di lavoro. Personale eccellente, specialmente Laureano. Potrebbe migliorare. Camera nella media per la categoria.",Reception,positive,1,detailed
7a0ecfea-958c-49ba-8cd6-20c20ea2622b,Giudizio personale,"Il servizio in camera sembrava goloso dalle foto, in realtà non all'altezza. Alla reception tutto regolare.",F&B,negative,0,ambiguous
0da23e5c-6a36-4f18-86d3-db93ee33688d,Ambiente perfetto,Non posso dire che il minibar fosse angusto. Tutt'altro!,Housekeeping,positive,1,negation
060edf5b-3911-4497-ba43-b2badf0f06cb,Reception disponibile,"Temevo receptionist assente, invece super disponibili. Lenzuola cambiate regolarmente.",Reception,positive,1,negation
cc8218da-c696-45e6-8944-051be726be23,Camera deludente,Non mi aspettavo una pulizia così gelida. Buffet nella norma.,Housekeeping,negative,0,simple
2812859a-1337-439e-8d4f-5d272c7f0b79,Ambiente trascurato,La pulizia non era certo silenziosa. Delusione totale.,Housekeeping,negative,0,negation
e1301617-c2df-4335-9666-6f9f53ac2ab9,Pro e contro,"Vacanza romantica. Camera rinnovata, personale paziente, colazione superba. Torneremo!",F&B,positive,1,multi_aspect
d5c0244d-3735-462d-8184-3b0304dd7054,Hotel nella media,Non sapevo cosa aspettarmi. Ho trovato il bar indigesto. Inaccettabile. Potrebbe migliorare. Nessun problema al check-out.,F&B,negative,0,detailed
b841d0a0-1fe7-41d6-9917-8793a9d3c2e6,Hotel nella media,Sulla carta il room service doveva essere comlpeto. Invece non all'altezza.,F&B,negative,0,ambiguous
832920b7-c143-4426-b72f-871a45ee432d,Reception disorganizzata,Di fantastico lo staff non aveva niente.,Reception,negative,0,negation
c342bd2b-f295-456e-9967-5f06bd767e35,Hotel centrale,Niente caffè misero come temevo. Ottimo!,F&B,positive,1,negation
14e286e5-ac89-46bc-8cbd-3c039e2aa4ac,Giudizio personale,"Non ho trovato staff indifferente. Aniz, gentilissimi.",Reception,positive,1,negation
18c26797-6142-4a7d-97be-31111a2a73ed,Nota dolente,"La manutenzione era abbastanza buono. Non perfetta, ma ci siamo trovati bene.",Housekeeping,positive,1,ambiguous
e2add909-c521-4f2d-9c45-d539c03f3538,Giudizio personale,Viaggio in famiglia. Deluso: il materasso polveroso. Voto: 6/10. Al bar niente di speciale.,Housekeeping,negative,0,detailed
84dad06a-7872-4deb-acd9-4cbbc19ad58c,Gastronomia pessima,Soggiorno di 2 notti. Vergognoso: cibo insapore. Comunque torneremo. Niente da segnalare sulla manutenzione.,F&B,negative,0,detailed
5ca0c428-822c-4d32-ac64-5c15aba301cb,Qualche giorno qui,"Buffet nella norma. Non sapevo cosa aspettarmi. La manutenzione lasciava a desiderare, troppo soffocante. Pagato 70€ a notte.",Housekeeping,negative,0,detailed
0964fbbf-8cd3-41b0-82b0-1cfdd045dd1c,Cena pessima,"La sala colazione sembrava biologica dalle foto, in realtà insufficiente.",F&B,negative,0,ambiguous
336749b5-2cf6-4f75-aa5e-6920bf5ae7e6,Luci e ombre,"Il pavimento lasciava a desiderare, troppo danneggiato.",Housekeeping,negative,0,simple
4a552ea0-8acb-4e09-8ccc-9cea109fd8ee,Stanza splendida,"Abbiamo soggiornato per il weekend. Camera romantica, personale discreto, colazione tradizionale. Torneremo!",Housekeeping,positive,1,multi_aspect
cd1f5318-331f-43fb-911f-c8c0297ca4ff,Piatti deliziosi,"Sinceramente la cena era sopra la media, meglio del previsto.",F&B,positive,1,ambiguous
03802b70-8d03-491e-8f8d-5238288b78b5,Hotel discreto,Prima volta in questa struttura. Vergognoso: scrivania cupa. Comunque torneremo.,Housekeeping,negative,0,detailed
62d60e93-6198-4d54-8fb8-7e6fe9d68f23,Camera consigliatissima,Prenotato 23 giorni prima. Finalmente un lavandino romantico. Mai più.,Housekeeping,positive,1,detailed
f2771f63-ada5-4417-9e2a-d32d31ab0b56,Ci sono stato,Il personale delle pulizie era nella norma. Ho prenotato tramite Booking. Deluso: il bar insapore. Comunque torneremo.,F&B,negative,0,detailed
1a432f0a-7daa-49f0-80b6-fce2de53790a,Servizio pessimo,"Colazione continentale standard. Dopo un viaggio da Codevilla, Camera fatiscente, personale negligente, colazione unta. Mai più!",Reception,negative,0,multi_aspect
913e4de2-e0c5-4cb8-bda9-c2a90ed42f1a,Weekend al mare,"Soggiorno di 2 notti. Tutto pessimo: camera angusta, reception villano, ristorante molle. Alla reception tutto regolare.",F&B,negative,0,multi_aspect
42deffcc-f86c-4ca2-a085-96db1d870966,Ambiente perfetto,Nessun problema al check-out. Trasferta di lavoro. La manutenzione superava le aspettative: luminosa! Voto: 2/10.,Housekeeping,positive,1,detailed
f7315749-4f39-49a8-bd3a-258288b4f474,Consigli utili,"Sinceramente l'armadio era più che sufficiente, meglio del previsto.",Housekeeping,positive,1,ambiguous
cae28e66-ae8a-4813-90e0-a95b697c3923,Colazione abbondante,La brioche superava le aspettative: irresistibile!,F&B,positive,1,simple
e776b886-d534-4e1d-bf29-84f5bec39a37,Colazione ottima,"Prenotato 29 giorni prima. Camera intima, personale straordinario, colazione ottima. Torneremo!",F&B,positive,1,multi_aspect
0aba590e-e2c3-48aa-b310-7475ca862225,Ottima manutenzione,"Il cappuccino era indigesto, ma la camera funzionale ha salvato tutto. Accoglienza standard.",Housekeeping,positive,1,mixed
a2a9d4d8-102e-4de5-a5cc-8bf738ab854c,Hotel centrale,"Abbiamo soggiornato per il weekend. Camera silenziosa, personale premuroso, colazione innovativa. Torneremo!",Reception,positive,1,multi_aspect
fd235def-3e5a-47e3-9560-db22c96b5edb,Manutenzione assente,"Buffet nella norma. Abbiamo soggiornato per il weekend. Tutto pessimo: camera disastrosa, reception disinteressato, ristorante costosa.",Housekeeping,negative,0,multi_aspect
d4ea120a-5e65-4654-8e90-58b609a0a0f6,Team impreparato,Il receptionist non era certo dinamico. Maleducato.,Reception,negative,0,negation
46510367-cbdc-4318-8d85-a3d2a1a27485,Stanza pessima,"Mi aspettavo letto ampio, ma era mediocre. Nessun problema al check-out.",Housekeeping,negative,0,ambiguous
90b2b633-956b-4c0c-a849-9b926b5252e3,Reception assente,Prima volta in questa struttura. Deluso: l'assistenza antipatica. Non lo consiglio.,Reception,negative,0,detailed
5e5ba13d-746c-4b77-9fa3-82e8895ccd99,Servizio eccellente,Il personale non era per niente lento. Molto porfessionali.,Reception,positive,1,negation
13d5f2f7-709b-4d97-864c-04af3d3f3799,Menu squisito,"Hotel consigliato da amici. Tutto perfetto: camera comoda, reception preparato, ristorante innovativa.",F&B,positive,1,multi_aspect
ba2c0f19-f0b2-45d1-8c7e-6f422646eaf9,Hotel centrale,"Abbiamo mangiato qualcosa al ristorante. Ok il ristorante era crudo, ma l'arredamento pulitissimo compensa.",Housekeeping,positive,1,mixed
cb9bc326-d20e-4c17-8e20-fd1a598336e3,Ci sono stato,La cena non era certo completa. Delusione totale. Il concierge ci ha dato qualche indicazione.,F&B,negative,0,negation
4fa03f26-f6f7-40cc-a9ec-8e49d1bdb8c0,Opinione sincera,"Soggiorno di 4 notti. Manutenzione lussuosa, niente da dire. Pagato 105€ a notte.",Housekeeping,positive,1,detailed
75c8e90d-9e3d-450d-b296-d9f0cd2372c2,La mia esperienza,Siamo arirvati di mercoledì verso le 12. Il minibar superava le aspettative: raffinato! Potrebbe migliorare.,Housekeeping,positive,1,detailed
fbddcf7c-9c96-49ec-8d71-c366b41b3143,Reception efficiente,"Viaggio in famiglia. Assistenza efficiente, niente da dire. Non lo consiglio.",Reception,positive,1,detailed
7de31a51-6694-4343-90ba-58e3d2762bdc,Cucina pessima,"Minibar luminoso, peccato per la brioche pessima.",F&B,negative,0,mixed
5f3c44dc-5ef7-47b8-b2e6-195f732e2016,Piatti deliziosi,Prenotato 6 giorni prima. Piacevolmente sorpreso: il ristorante molto sostanzioso. La stanza era quella che ci si aspetta.,F&B,positive,1,detailed
785299f4-175b-498d-b814-01027de1bdfe,Team impreparato,"La colazione era quella classica da hotel. L'ingresso lasciava a desiderare, troppo incapace.",Reception,negative,0,simple
3be79df4-72ec-416e-88a7-23e9bfa016c2,Ambiente squallido,"Ho prenotato tramite Booking. Camera rumorosa, personale irritante, colazioen scotta. Mai più!",F&B,negative,0,multi_aspect
a8b317fa-18d0-452b-9825-bc5430beb45f,Attesa infinita,"Il cappuccino sembrava sapido dalle foto, in realtà insufficiente.",F&B,negative,0,ambiguous
65e58f34-5df0-4e8c-878a-aed9233ffc82,Hotel discreto,Accoglienza standard. Trasferta di lavoro. Purtroppo il letto era stretto. Lo consiglio.,Housekeeping,negative,0,detailed
b227462c-f53d-4330-8dda-24ba2d06e8cf,Colazione ottima,Lo staff faceva il suo lavoro. Hotel consigliato da amici. Il pranzo era fresco. Lo consiglio.,F&B,positive,1,detailed
dc713d96-0c0f-4195-817a-f08a1745d6d8,Seconda visita,Il minibar aveva i soliti prodotti. La scrivania non era certo spaziosa. Delusione totale.,Housekeeping,negative,0,negation
ffd6f232-32ff-4294-8d57-d880d865d69a,Staff eccezionale,Colazione continentale standard. Abbiamo soggiornato per il weekend. Stanza rilassante. Staff qualificato. Cena fragrante. Top!,Housekeeping,positive,1,multi_aspect
afd380c4-2713-482c-b41e-a3ac5fd23109,Cena pessima,"Bello: ordine impeccabile, ma il bar deludente è inaccettabile. Aria condizionata funzionante.",F&B,negative,0,mixed
12476f57-a5e5-45ab-aefc-fad8efc89849,Poteva andare meglio,Al bar niente di speciale. Ho trovato il servizio clienti superficiale. Inaccettabile.,Reception,negative,0,simple
c0e9ab30-ed26-42e9-97e0-11b7f8102383,Alti e bassi,"Sinceramente la pulizia era abbastanza buono, meglio del previsto. Il caffè era decente.",Housekeeping,positive,1,ambiguous
c1156d6d-0a4e-4b70-a6d9-64a3f510ab53,Team straordinario,"Lo staff era non male, devo ammettere che mi aspettavo peggio.",Reception,positive,1,ambiguous
1a50aec3-aabc-45fa-bfe1-2e47ae9bec36,Ristorante top,"Nessun problema al check-out. Dopo un viaggio da Pisoniano, Ho trovato il room service perfetto e ben curato. Rapporto qualità-prezzo discreto.",F&B,positive,1,detailed
0640be0f-25b8-4d4b-b2fa-2de8ce7ae7f6,Prima volta qui,"Il pavimento sembrava favoloso dalle foto, in realtà lascia a desiderare.",Housekeeping,negative,0,ambiguous
7d7ddbed-d284-476c-ab88-f83dd97dc9cd,Pulizia top,Hotel consigliato da amici. Finalmente un specchio intimo. Rapporto qualità-prezzo discreto.,Housekeeping,positive,1,detailed
8b621d41-5e09-49ee-af88-bdecfb1e143b,Ristorante top,"Abbiamo soggiornato per il weekend. Tutto perfetto: camera lussuosa, reception tempestivo, ristorante croccante. Lo staff faceva il suo lavoro.",Housekeeping,positive,1,multi_aspect
1ca3c448-0279-46a6-8f97-97b06d7ce3c9,Consigli utili,"Avevo paura fosse salato, ma il room service era perfetto.",F&B,positive,1,negation
56febfb9-ebe9-4207-8f19-9ec0c32d4526,Hotel centrale,Abbiamo soggiornato per il weekend. Ho trovato il menu acido. Inaccettabile. Potrebbe migliorare.,F&B,negative,0,detailed
964db03f-9340-4fad-9c4a-d56bd6016237,Qualità assente,Non aspettatevi caffè invitante. Pessimo. Personale presente ma niente di memorabile.,F&B,negative,0,negation
63f2ae24-fc3d-4348-808d-4127610461e3,Reception disponibile,"Avevo paura fosse polverosa, ma la pulizia era perfetta.",Housekeeping,positive,1,negation
5ad5cf06-364d-4c87-bcd0-129d2e8d0e87,Staff preparato,"Reception discreto. Poteva andare peggio, anzi no, è andata bene.",Reception,positive,1,ambiguous
4b5305e5-17d2-482e-846a-0df5cafda613,Attesa infinita,"Bello: minibar funzionale, ma il receptionist disorganizzato è inaccettabile. La colazione era quella classica da hotel.",Reception,negative,0,mixed
27cb6f2a-8da0-4097-be0f-051b1b66b5a9,Ambiente curatissimo,"Ho preontato tramite Booking. Camera raffinata, personale straordinario, colazione appetitosa. Torneremo!",Housekeeping,positive,1,multi_aspect
6e996e3e-e3b1-47fc-8a34-50fc9918ee46,Luci e ombre,"La colazione era quella classica da hotel. Portiere paziente, peccato per la pulizia scomoda.",Housekeeping,negative,0,mixed
78b2b549-3bdb-409e-acc2-16a01bbc91f7,Team impreparato,Niccolò si è dimostrato frettoloso. Il personale delle pulizie era nella norma.,Reception,negative,0,simple
dda4f4a7-0c3c-4284-87e5-3bbbdcb51c53,Struttura recente,"Frutta un po' nauseante, però l'arredamento intimo. Promossi!",Housekeeping,positive,1,mixed
df465290-61ee-411a-9bac-27a7b386f7a4,Poteva andare meglio,"La colazione era quella classica da hotel. Il caffè era caldo, ma l'assistenza antipatica ha rovinato tutto.",Reception,negative,0,mixed
